"Sector_score","PARA_A","Score_A","PARA_B","TOTAL","numbers","Score_B.1","Money_Value","Score_MV","District_Loss","History","Risk"
3.89,9.01,0.6,19.82,28.83,5,0.2,9.67,0.4,2,0,1
2.72,2.49,0.6,0.64,0,5,0.2,0.28,0.2,2,0,1
55.57,0,0.2,0,58.87,5,0.2,0,0.2,2,0,0
55.57,0,0.2,0,0,5,0.2,0,0.2,6,0,1
55.57,0.26,0.2,0,0.54,5,0.6,0,0.2,2,0,1
59.85,0.31,0.2,0,0.31,5,0.2,0,0.2,2,0,0
1.85,9.19,0.6,4.2,13.39,5,0.2,0.52,0.2,2,0,1
1.85,5.13,0.6,31.63,62.23,5,0.2,0,0.2,2,0,1
55.57,0.32,0.6,0,76.54,5,0.2,20.79,0.6,2,0,0
1.85,0.6,0.2,1.14,1.74,5,0.2,0.43,0.2,2,0,0
1.85,25.4,0.4,92.05,0.7,5.5,0.2,1.91,0.2,2,0,1
3.89,15.72,0.6,57.94,73.66,6,0.6,10.79,0.6,6,0,1
55.57,1.33,0.4,57.92,0.33,5,0.2,0.09,0.2,6,0,0
1.85,3.62,0.2,0.36,3.3,5,0.2,3.57,0.2,2,0,0
59.85,0.01,0.2,0,0.01,5,0.2,0.6,0.2,2,0,0
3.89,0.02,0.2,5.94,5.96,5,0.2,0.01,0.2,2,0,0
1.85,0.59,0.2,0.08,7.61,5,0.2,0,0.2,2,1,0
3.89,1.03,0.2,0.54,2.11,5,0.2,0.06,0.2,2,1,1
55.57,0.21,0.2,0,1.9,5,0.2,0,0.2,6,0,0
55.57,0.49,0.2,0,0.49,5,0.2,0,0.2,2,0,0
3.89,2.84,0.2,0.97,1.18,5.5,0.2,0.12,0.2,2,0,1
3.41,1.21,0.4,43.84,45.05,5.5,0.4,31.61,0.6,2,0,1
55.57,0.85,0.2,1,1.85,5,0.2,0.4,0.2,2,0,0
55.57,0,0.2,0.99,0.08,5,0.4,0,0.4,4,0,0
2.34,0,0.2,3.71,0,5,0.2,6.88,0.2,2,0,1
1.85,0.85,0.4,0,1.52,5,0.2,0,0.6,2,0,1
55.57,7.22,0.6,0.57,1.5,5,0.2,0.9,0.2,2,0,1
21.61,0,0.2,0.39,0.39,5,0.2,0.24,0.2,2,0,0
55.57,0,0.6,31.76,59.17,5,0.2,0,0.2,2,0,0
1.85,1.32,0.4,0.75,28.54,5,0.2,0.04,0.2,2,0,0
55.57,1.97,0.6,72.07,0,5,0.2,3.43,0.4,6,0,1
55.57,0,0.2,0,0,5,0.2,0,0.2,6,0,1
2.72,7.02,0.2,0.07,17.83,5,0.4,0,0.2,2,0,0
3.89,0.49,0.2,0,0.05,5.5,0.2,0.02,0.2,2,0,0
21.61,0.28,0.2,0.16,0.44,5,0.2,0,0.2,2,0,0
1.85,0,0.2,0,1.12,5,0.2,0,0.2,2,0,1
55.57,0.92,0.2,0,0.92,5,0.2,0,0.2,2,0,0
1.85,0.17,0.2,0.11,0.28,5,0.2,0,0.2,2,0,0
2.72,1.94,0.6,15.38,97.11,5,0.2,0,0.2,6,0,1
3.41,1.12,0.4,0,1.12,5,0.2,0,0.2,2,0,0
55.57,0.76,0.2,0,0.76,5,0.2,0,0.2,2,0,0
3.41,1.41,0.4,36.16,37.57,5,0.2,13.05,0.6,2,0,1
1.85,2.46,0.2,0.09,2.38,5,0.2,0,0.2,6,0,0
3.41,3.73,0.6,0,0,5,0.2,0,0.6,2,0,1
3.41,0.93,0.2,0,0.93,5,0.2,0,0.2,2,0,0
1.99,4.01,0.2,1.98,9.66,5,0.2,0,0.2,2,0,0
1.85,0.84,0.6,0,8.06,5,0.2,0.18,0.6,4,0,1
2.37,1.25,0.4,0.02,1.27,5,0.2,0.82,0.2,2,0,0
3.41,1.44,0.4,29.25,30.69,5,0.2,35.13,0.6,2,0,1
3.41,17.26,0.6,44.22,61.48,5,0.2,27.68,0.6,2,1,1
2.37,6.59,0.6,10.77,0.84,5,0.2,36.29,0.2,6,0,0
3.41,1.18,0.4,0,1.18,5.5,0.4,183.2,0.6,2,0,1
3.41,1.98,0.4,67.91,69.89,5.5,0.4,18.79,0.6,2,1,1
3.89,1.71,0.4,0.0017,98.7,5,0.2,0,0.6,4,0,0
2.37,3.74,0.6,6.8,10.36,5,0.2,0.73,0.2,2,0,1
21.61,0.38,0.2,0.48,0.86,5,0.2,0.33,0.2,2,0,0
55.57,3.9,0.2,0.47,9.51,5,0.2,27.68,0.2,2,0,0
2.72,1.99,0.2,0.42,0.3115,5,0.2,0.32,0.2,2,0,1
55.57,0,0.4,0,25.71,5,0.4,175.9,0.2,6,0,0
55.57,0.6,0.2,3.4,73.06,5,0.2,0,0.2,2,0,1
21.61,0.8,0.2,0.68,15.38,5,0.2,0.06,0.6,2,0,0
2.72,6.85,0.2,6.54,1.13,5,0.2,10.16,0.2,2,0,1
2.72,0,0.2,0,0,5,0.2,0,0.2,2,0,0
2.72,3.98,0.6,0.91,1.75,5,0.2,21.6,0.2,2,0,0
3.41,3.95,0.2,0.35,2.48,5,0.2,844.37,0.6,2,0,1
55.57,0,0.4,32.71,1.34,5,0.2,78.98,0.6,2,0,0
55.57,0,0.2,0.81,0.81,5,0.2,0,0.2,2,0,0
55.57,0.71,0.2,0,0.71,5,0.2,0,0.2,2,0,0
55.57,0.74,0.2,0,0.74,5,0.2,0,0.2,6,0,1
3.89,0,0.2,0.58,0.58,5,0.2,0,0.2,2,0,0
55.57,0.51,0.2,1.36,1.87,5,0.2,0,0.2,2,0,0
3.89,1.32,0.4,0,1.32,5,0.2,0.06,0.2,2,0,0
55.57,0.83,0.2,0,0.83,5,0.2,0,0.2,2,0,0
1.85,9.94,0.6,0.44,10.38,5,0.2,0.15,0.2,2,0,1
21.61,0.33,0.2,0,0.33,5,0.2,0,0.2,2,0,0
55.57,0.49,0.2,0,0.49,5,0.2,0.02,0.2,2,0,0
1.85,2.81,0.6,0.11,2.92,5,0.2,19.45,0.6,6,0,1
2.37,0.39,0.2,0.47,0.86,5,0.2,0,0.2,2,0,0
3.89,5.78,0.6,57.92,63.7,5,0.2,11.16,0.6,2,0,1
55.57,6.31,0.2,0.32,7.1,5,0.2,0,0.2,2,0,1
3.41,0.31,0.6,0.68,0,5,0.2,1.55,0.2,2,0,1
1.99,1.12,0.4,0,1.12,5,0.2,0.05,0.2,2,0,0
59.85,0.03,0.2,0,0.03,5,0.2,1.55,0.2,2,0,0
1.85,5.2,0.6,0.12,0.29,5,0.2,0.69,0.2,2,0,1
3.41,17.26,0.2,0,1.49,5,0.2,0,0.2,2,0,0
55.57,1.85,0.4,4.16,6.01,5,0.2,1.65,0.2,2,0,0
55.57,0.26,0.2,0.21,0.47,5,0.2,0.05,0.2,2,0,0
1.85,2.46,0.6,0,1,5,0.2,0,0.2,6,0,0
55.57,0.49,0.2,0,0.17,5,0.2,18,0.6,2,0,0
55.57,1.08,0.4,0.06,5.95,5,0.2,11.09,0.2,2,0,1
55.57,0.26,0.2,0.0021,0.2621,5,0.2,0,0.2,2,0,0
3.41,1.35,0.4,33.25,34.6,5.5,0.4,20.62,0.6,2,0,1
3.89,0,0.2,1.88,1.88,5,0.2,0,0.2,2,0,0
55.57,1.63,0.4,0,1.63,5,0.2,0,0.2,2,0,0
1.85,1.73,0.4,49.19,0.61,5,0.2,0.07,0.6,4,0,0
1.99,1.19,0.4,0,1.19,5,0.2,0,0.2,2,0,0
2.37,0.01,0.2,0.007,0.017,5,0.2,0,0.2,2,0,0
3.89,0.03,0.2,0.41,1.43,5,0.2,0,0.2,2,0,0
3.89,12.7,0.6,1.28,13.98,5,0.2,11.69,0.6,2,0,1
2.72,0.84,0.2,0,0.84,5,0.2,8.21,0.4,2,0,0
55.57,0.27,0.2,0,20.71,5,0.2,0,0.2,2,0,0
1.85,0,0.2,0.66,1.68,5,0.2,0,0.4,6,0,1
21.61,0.79,0.4,0,2.72,5,0.2,0.17,0.2,2,0,0
55.57,0.76,0.2,0.95,18.05,5,0.2,0,0.2,6,0,1
3.89,1.39,0.2,0,30.25,5.5,0.4,1.32,0.2,2,0,0
2.37,0.66,0.2,1.37,2.03,5,0.2,0.84,0.2,4,0,1
3.41,0.62,0.6,0,0.87,5,0.2,0,0.2,2,0,1
1.85,0.18,0.4,94.43,1.2,5,0.2,0.03,0.6,6,1,0
1.85,0.85,0.4,54.99,0.21,5,0.2,0.02,0.2,2,0,0
3.89,0.21,0.4,31.62,2.7,5.5,0.2,102.22,0.6,2,0,1
1.99,1.34,0.4,0,1.34,5,0.2,0,0.2,2,0,0
55.57,4.9,0.6,0.14,2.58,5,0.2,0,0.2,6,0,1
1.99,6.48,0.2,0,0,5,0.2,10.98,0.2,2,0,0
1.99,2.48,0.2,0,3.74,5.5,0.2,0.7,0.4,2,0,0
55.57,0,0.2,0.57,115.93,5,0.2,10.69,0.2,2,0,1
3.41,1.98,0.4,51.42,53.4,5.5,0.4,20.33,0.6,2,1,1
55.57,0.25,0.2,0.0017,0.2517,5,0.2,0,0.2,2,0,0
59.85,0,0.2,0,0,5,0.2,0,0.2,2,0,0
3.89,3.84,0.6,0.13,0.78,5,0.2,18.24,0.2,2,0,1
17.68,2.52,0.6,20.28,22.8,5,0.2,70.56,0.6,6,0,1
2.72,4.53,0.6,87.93,92.46,5,0.2,85.81,0.6,2,0,1
1.85,0.29,0.2,1.22,1.05,5,0.2,0,0.2,2,0,0
55.57,0,0.2,5.24,5.24,5,0.2,0,0.2,2,0,0
3.41,2.29,0.2,30.9,40.93,5,0.2,0,0.6,2,0,0
55.57,0.24,0.6,0,16.12,5.5,0.2,5.8,0.2,2,0,0
1.85,1.28,0.4,1.75,3.03,5,0.2,0,0.2,2,0,0
59.85,0,0.2,0,0,5,0.2,0.7,0.2,2,0,0
55.57,1.06,0.6,0,1.28,5,0.2,5.42,0.2,2,0,1
3.89,0.41,0.2,7.41,3.25,5,0.2,4.6,0.2,2,0,0
3.89,0.75,0.6,0.87,0,5,0.2,0,0.2,2,0,0
3.89,0,0.6,51.42,19.13,5,0.2,6.31,0.2,6,0,1
3.89,1.27,0.6,0,0.07,5,0.2,0,0.2,2,0,0
1.99,3.31,0.2,1.11,0.53,5,0.2,11.16,0.2,2,1,1
1.85,0.84,0.2,0.0023,2.64,5,0.2,0.24,0.2,2,0,0
3.89,0,0.2,1.03,1.03,5,0.2,2.43,0.2,2,0,0
1.85,1.85,0.4,0.27,51.19,5,0.2,1.24,0.4,2,0,0
55.57,0.38,0.2,0.09,0.47,5,0.2,0,0.2,2,0,0
2.72,4.97,0.6,42.19,47.16,5.5,0.4,45.37,0.6,2,0,1
59.85,0,0.6,64.91,0,5,0.2,0.15,0.2,2,0,0
55.57,0,0.2,4.83,4.04,5,0.2,3.3,0.2,4,0,0
55.57,12.27,0.6,20.94,0,5,0.2,6.78,0.2,2,0,1
59.85,0,0.4,0.23,1.69,5,0.2,3.46,0.2,6,0,0
3.89,6.02,0.4,0,1.88,5,0.2,5.58,0.6,2,0,1
21.61,0.37,0.2,0.46,0.83,5,0.2,0,0.2,2,0,0
2.37,0.61,0.2,1.54,2.15,5,0.2,0.57,0.2,2,0,0
55.57,1.1,0.4,0,1.1,5,0.2,0,0.2,2,0,0
3.41,1.46,0.6,0,0,5,0.2,0,0.2,4,0,1
3.89,0.02,0.4,1,52.43,5,0.2,0,0.2,6,0,1
55.57,1.01,0.2,0.49,8.11,5,0.2,0,0.2,4,0,0
3.89,0.26,0.2,0.0021,0,5,0.2,160.41,0.4,2,0,0
1.85,13.91,0.6,0.5,14.41,5,0.2,0.19,0.2,2,0,1
2.72,0,0.2,0,0,5,0.2,30.85,0.6,2,0,1
21.61,1.89,0.6,0.08,0.12,5,0.2,0.11,0.6,2,0,1
59.85,0,0.2,0,0,5,0.2,2.39,0.2,2,0,0
59.85,0.17,0.4,0,1.44,5,0.4,0,0.2,2,0,1
21.61,0.66,0.6,0,0.29,5,0.2,7.17,0.2,2,0,1
2.72,0.99,0.2,5.47,1.26,5,0.2,20.33,0.6,6,0,1
1.85,6.47,0.2,1.66,0.96,5,0.2,31.38,0.6,2,1,0
2.72,0.68,0.2,44.28,1.32,5,0.2,27.13,0.2,2,0,0
55.57,0.21,0.2,0.0013,1.27,5,0.2,0.21,0.6,2,0,1
2.37,0.56,0.2,0.08,0.64,5,0.2,0.05,0.2,6,0,1
21.61,0.66,0.2,0.81,1.47,5,0.2,0.03,0.2,2,0,0
2.37,0.24,0.2,1.08,1.06,5,0.2,13.54,0.2,2,0,0
2.72,0.59,0.2,0.23,0.2717,5,0.6,16.82,0.2,2,0,0
55.57,0,0.2,2.99,2.99,5,0.2,0.06,0.2,2,0,0
3.89,0,0.2,7.37,7.37,5,0.2,0.74,0.2,2,0,0
55.57,0.79,0.2,0.46,1.25,5,0.2,0.28,0.2,2,0,0
55.57,0,0.2,0.03,0.03,5,0.2,0,0.2,2,0,0
2.37,0.11,0.2,1.09,148.23,5,0.2,0,0.2,4,0,0
55.57,1.7,0.6,0.75,103.61,5,0.2,0.11,0.6,2,0,1
1.85,0.65,0.6,0,0.95,5,0.2,10.14,0.2,2,0,0
55.57,1.17,0.2,1.74,0.86,5,0.2,11.88,0.2,2,0,1
3.89,3.98,0.6,0.99,4.97,5,0.2,1.93,0.2,2,0,0
1.85,0,0.2,105.56,1.5,5,0.2,16.19,0.2,2,0,1
2.72,7.42,0.6,115.87,123.29,6,0.6,6.79,0.4,2,1,1
3.41,0,0.2,0,0,5,0.2,0,0.2,2,0,0
3.89,0,0.2,1.76,1.76,5,0.2,1.08,0.2,2,0,0
1.85,0.88,0.2,1.5,2.38,5,0.2,0.19,0.2,2,0,0
2.72,0,0.2,0.28,0.28,5,0.2,0,0.2,2,0,0
2.72,4.43,0.6,51.32,55.75,5.5,0.4,145.97,0.6,2,0,1
3.41,13.06,0.6,45.42,58.48,5,0.2,10.4,0.6,2,0,1
55.57,0,0.2,0,0,5,0.2,0,0.2,2,0,0
2.72,3.43,0.6,1.53,4.96,5,0.2,0,0.2,2,0,0
3.89,14.04,0.6,10.83,24.87,5,0.2,8.91,0.4,2,0,1
59.85,0,0.2,0,13.1,5,0.2,0,0.2,4,0,1
2.72,2.46,0.6,6.72,9.18,5,0.2,0,0.2,2,0,1
1.85,0,0.2,4.51,1.61,5,0.2,126.13,0.2,4,0,0
55.57,1.28,0.4,0,1.28,5,0.2,0.22,0.2,2,0,0
59.85,0,0.4,0,81.22,5,0.2,5.61,0.6,6,0,0
55.57,0,0.2,0,0,5,0.2,0.13,0.2,2,0,0
2.37,3.26,0.2,29.25,3.83,5,0.2,0.4,0.2,2,0,0
1.85,5.13,0.6,0.09,5.22,5,0.2,0.01,0.2,2,0,0
1.85,7.84,0.6,2.81,10.65,5,0.2,0,0.2,2,0,1
1.99,3.77,0.2,8.27,72.81,5,0.2,0,0.2,6,0,1
1.85,0.3,0.6,0,0.68,5,0.2,0,0.2,2,0,1
21.61,1.27,0.4,0,12.85,5,0.2,0.04,0.6,2,0,1
55.57,0.74,0.2,0,0.74,5,0.2,0.15,0.2,2,0,0
55.57,0,0.6,0,1.67,5,0.2,0,0.2,2,0,1
3.89,0,0.2,0.08,0.08,5,0.2,0.68,0.2,2,0,0
21.61,0.46,0.2,0.88,1.34,5,0.2,0.58,0.2,2,0,0
2.72,0,0.4,1.32,0.77,5,0.2,0.2,0.2,2,0,1
1.99,1.89,0.4,0,1.89,5,0.2,0,0.2,2,0,0
2.37,3.21,0.6,0,3.85,5,0.2,19.45,0.2,2,0,1
55.57,3.5,0.2,37.33,0,5,0.2,0.03,0.2,2,0,0
55.57,0.67,0.2,1.71,2.38,5,0.2,0,0.2,2,0,0
21.61,0.53,0.2,0.62,1.15,5,0.2,0.01,0.2,2,0,0
3.89,0,0.2,3.98,3.98,6,0.6,53.34,0.6,2,0,1
2.37,2.51,0.6,8.59,11.1,5.5,0.4,16.03,0.6,2,5,1
1.85,0.21,0.2,0,0.21,5,0.2,0,0.2,2,0,0
55.57,0.82,0.2,0,0.82,5,0.2,0,0.2,2,0,0
2.72,2.13,0.6,42.64,44.77,5,0.2,18.24,0.6,2,0,1
1.99,1.03,0.4,0,1.03,5,0.2,27.28,0.6,2,0,1
2.37,1.4,0.2,1.29,0.03,5,0.2,0,0.2,2,0,1
1.85,0.07,0.4,0.76,71.92,5,0.2,0.23,0.2,2,0,0
1.85,1.04,0.4,0.91,1.95,5,0.2,0.37,0.2,2,0,0
3.89,0,0.2,1.1,1.1,5,0.2,0.007,0.2,2,0,0
2.37,0.26,0.2,0.17,0.43,5,0.2,0,0.2,2,0,0
1.85,0.26,0.2,0,0.26,5,0.2,0,0.2,2,0,0
55.57,0,0.2,45.51,0.21,5,0.2,0,0.2,2,1,1
2.37,0,0.2,0.1,67.75,5,0.2,0.19,0.2,2,0,1
55.57,3.04,0.2,4.83,5.62,5,0.6,1.8,0.6,2,0,1
1.99,0.43,0.2,0,0.43,5,0.2,13.54,0.6,2,0,1
2.37,2.21,0.6,5.21,7.42,5,0.2,3.43,0.2,2,0,1
1.85,0.95,0.2,0,0.95,5,0.2,0.13,0.2,4,0,1
1.99,0,0.2,2.1,57.9,5,0.2,14.03,0.2,2,0,0
59.85,0,0.2,0,0,5,0.2,0,0.2,2,0,0
2.72,1.19,0.4,122.07,123.26,5,0.2,15.2,0.6,2,0,1
3.41,0,0.2,0,1.23,5,0.2,0,0.2,2,0,1
3.89,2.63,0.6,2.55,5.18,5,0.2,0,0.2,2,0,0
1.85,1.24,0.6,5.4,3,5,0.2,0,0.2,2,0,1
3.89,0,0.2,0.89,0.89,5,0.2,0,0.2,2,0,0
3.89,0.33,0.6,6.56,84.26,5,0.2,183.2,0.2,2,0,0
1.85,1.49,0.2,80.06,3.06,5,0.2,0.04,0.6,2,0,1
1.99,1.29,0.2,1.63,1.46,5,0.2,1.25,0.4,4,0,1
1.99,0.51,0.4,10.8,1.29,5,0.2,4.26,0.2,2,9,1
2.37,0,0.2,10.83,21.33,5,0.2,0,0.2,2,0,1
3.89,0,0.4,0,0.9,5,0.2,0,0.6,2,0,1
55.57,1.05,0.4,2.17,3.22,5,0.2,0,0.2,4,0,1
2.36,2.22,0.2,0,0.77,5.5,0.6,10.65,0.2,2,1,0
55.57,0.77,0.6,0,0.28,5,0.2,0.04,0.2,2,1,1
55.57,0.99,0.4,88.73,3.61,5,0.2,0,0.2,2,0,0
1.99,2.54,0.4,5.24,2.49,5,0.2,0.67,0.4,2,0,1
3.41,0.8,0.2,0,0.8,5,0.2,0.18,0.2,2,0,0
3.41,0.31,0.2,58.12,58.43,5,0.2,78.98,0.6,2,0,1
1.85,1.71,0.6,41,1.62,5,0.2,44.95,0.2,4,0,0
55.57,0,0.2,0,0,5,0.2,0,0.2,4,0,0
21.61,1.52,0.2,0,0.73,5,0.2,0.11,0.2,2,0,1
59.85,0.42,0.2,0,0.42,5,0.2,0,0.2,4,0,0
59.85,0.91,0.6,5.52,0.26,5,0.6,0,0.2,2,0,1
3.89,8.81,0.6,9.02,17.83,5,0.2,215.31,0.6,2,1,1
1.99,0,0.2,0,0,5,0.2,0,0.2,2,0,0
2.37,5.31,0.4,70.26,15.33,5,0.2,0,0.2,2,0,1
2.72,3.62,0.6,44.28,47.9,5,0.2,44.67,0.6,2,0,1
3.89,0,0.2,0.75,0.75,5,0.2,6.78,0.4,2,0,0
1.85,10.79,0.4,0,68.94,5,0.4,0,0.2,2,0,0
2.37,0.02,0.2,0.05,0.07,5,0.2,0,0.2,2,0,0
2.72,0.85,0.2,0,0.85,5,0.2,0,0.2,2,0,0
55.57,1.26,0.4,0,1.26,5,0.2,0,0.2,2,0,0
55.57,1.06,0.4,1.6,2.66,5,0.2,16.09,0.6,2,0,1
1.99,0.48,0.2,0,0.48,5,0.2,0.47,0.2,2,0,0
3.89,0,0.2,1.05,1.05,5,0.2,0.16,0.2,2,0,0
55.57,5.68,0.4,0.11,2.72,5,0.2,2.51,0.2,2,0,0
3.89,0,0.4,0,0.43,5.5,0.2,0,0.2,2,0,1
55.57,0.77,0.2,0.33,0.49,5,0.2,57.16,0.2,2,0,0
55.57,0.36,0.2,0.54,0.9,5,0.2,0.21,0.2,2,0,0
59.85,0.01,0.2,0.11,0.12,5,0.2,1.03,0.2,2,0,0
2.37,0.5,0.2,0.04,0.54,5,0.2,0,0.2,6,0,1
1.99,0.42,0.2,0.94,0.96,5,0.2,0,0.2,2,0,1
3.89,0,0.2,0.59,12.23,5,0.2,0.12,0.6,2,0,0
2.72,5.68,0.6,67.38,73.06,5,0.2,86.7,0.6,2,1,1
1.85,0.56,0.2,72,72.56,5,0.2,0.51,0.2,2,0,1
55.57,2.89,0.2,0,4.11,5,0.2,0,0.2,2,0,0
2.72,3.47,0.6,47.07,50.54,5,0.2,31.38,0.6,2,0,1
2.37,0.81,0.2,4.6,5.41,5,0.2,1.82,0.2,2,0,0
3.41,0.26,0.2,0,0,5,0.2,0,0.2,2,0,1
2.37,0,0.2,0,0,5,0.2,12.29,0.2,2,0,0
1.99,0.93,0.2,0,0.93,5,0.2,0.11,0.2,2,0,0
2.37,1.16,0.6,0.9,0,5,0.2,10.79,0.2,2,0,0
2.37,1.41,0.4,0.62,0.23,5,0.2,5.36,0.2,2,0,0
3.89,0.14,0.4,0,0.43,5,0.2,0.32,0.6,2,0,0
2.37,1.26,0.2,2,32.22,5,0.2,0,0.2,2,0,1
55.57,1.29,0.2,0,77.14,5,0.6,26.28,0.6,2,0,1
3.41,12.17,0.2,0,0.48,5,0.2,0,0.6,2,0,0
2.72,0,0.6,122.07,45.05,5,0.2,9,0.2,2,0,0
1.85,15.72,0.6,25.63,1.82,5,0.2,0,0.2,2,0,1
2.72,0,0.2,0,1.1,5,0.2,0.09,0.2,2,0,1
55.57,0.59,0.2,18.05,0.6,5,0.4,1.43,0.4,2,0,1
1.99,1.52,0.4,0,1.52,5,0.2,6.96,0.4,2,0,0
2.37,1.64,0.4,8.59,5.24,5,0.2,0,0.2,2,0,0
3.41,12.68,0.6,0.06,1.93,5,0.2,0.06,0.2,2,0,0
55.57,2.59,0.6,111.9,114.49,5,0.2,8.47,0.4,6,0,1
55.57,0.32,0.2,0,0.32,5,0.2,0,0.2,2,0,0
3.89,0.27,0.4,1.12,1.3,5,0.4,0,0.2,2,0,1
2.37,1.99,0.4,0.63,2.62,5,0.2,0,0.2,2,0,0
2.72,7.07,0.6,35.48,42.55,5,0.2,8.76,0.4,2,0,1
55.57,0.11,0.2,0,0.11,5,0.2,0,0.2,2,0,0
55.57,0.2,0.2,0,0.2,5,0.2,0,0.2,2,0,0
1.85,0,0.2,0,5.77,5.5,0.2,0,0.2,2,0,1
55.57,0.19,0.6,0,11.99,5,0.2,0,0.2,2,0,0
3.89,1.81,0.4,1.03,2.84,5,0.2,0,0.2,2,0,0
3.89,0,0.2,20.71,20.71,5,0.2,20.79,0.6,2,2,1
55.57,1.27,0.4,2,3.27,5,0.2,0.18,0.2,2,0,0
59.85,0,0.2,0,0,5,0.2,0.93,0.2,2,0,0
3.89,1.26,0.4,0.05,1.31,5,0.2,0,0.2,2,0,0
3.89,0.44,0.4,0,1.74,6,0.4,2.77,0.2,2,0,0
1.85,2.48,0.6,0,2.48,5,0.2,0,0.2,2,0,0
55.57,0,0.4,0,1.4,5,0.2,34.83,0.2,2,0,1
21.61,0.29,0.2,0.33,0.62,5,0.2,0,0.2,2,0,0
55.57,1.18,0.6,0,1.03,5,0.2,0,0.2,2,0,0
55.57,0.5,0.2,2.97,3.47,5,0.2,0.18,0.2,2,0,0
21.61,0.52,0.2,0.68,1.2,5,0.2,0,0.2,2,0,0
2.37,0.73,0.2,0.05,0.78,5,0.2,6.14,0.4,6,0,1
55.57,0.36,0.4,4.54,5,5,0.2,0,0.2,2,0,1
1.85,0,0.2,0,0,5,0.2,0.2,0.2,4,0,0
3.41,0,0.2,1.02,5.96,5,0.2,27.99,0.2,4,0,1
3.89,0,0.2,2.72,2.72,5,0.2,5.58,0.4,6,0,1
2.37,0.29,0.4,1.11,2.66,5,0.2,0,0.2,4,0,1
2.37,0,0.2,1.88,1.29,5,0.2,28.4,0.2,2,0,1
1.85,2.2,0.6,0.28,2.48,5,0.2,0,0.2,2,0,0
55.57,4.53,0.2,5.06,1.3,5,0.2,0,0.2,2,0,1
3.89,0.2,0.6,2.81,0.98,5.5,0.2,13.35,0.6,2,0,0
1.85,0,0.4,0,6.01,5,0.2,0,0.2,2,0,1
3.89,0,0.2,0,0.26,5,0.2,8.91,0.2,2,0,1
55.57,0,0.2,0,0,5,0.2,0,0.2,2,0,0
3.89,4.93,0.6,6.54,11.47,5.5,0.4,12.91,0.6,4,0,1
3.89,0,0.6,17.18,0,5,0.2,0,0.2,2,0,0
3.89,0.79,0.6,0.37,0.47,5,0.2,0,0.6,2,0,1
3.41,0.32,0.2,0,4.07,5.5,0.2,1.44,0.2,2,0,1
1.85,0.99,0.2,0,69.89,5,0.2,48.56,0.2,2,0,1
1.99,1.46,0.4,0,1.46,5,0.2,0,0.2,2,0,0
1.85,5.2,0.6,0,5.2,5,0.2,0,0.2,2,0,0
59.85,0,0.2,0,0,5,0.2,0.29,0.2,2,0,0
59.85,8.4,0.2,0,0.89,5,0.2,0,0.6,2,0,1
2.37,5.5,0.6,0,31.82,5,0.2,10.27,0.6,2,0,0
2.72,0,0.2,0,0,5,0.2,0,0.2,2,0,0
55.57,0.84,0.2,144.39,1.89,5,0.2,0.32,0.4,2,0,1
2.72,3.9,0.6,27.92,31.82,5,0.2,47.6,0.6,2,0,1
55.57,0,0.2,0,0,5,0.2,0,0.2,2,0,0
21.61,1.56,0.4,55.62,0,6.5,0.2,0,0.2,2,0,0
2.37,0.9,0.4,0.15,0,5,0.2,7.78,0.6,2,0,1
2.37,0.86,0.2,34.03,0,5,0.2,59.18,0.2,2,2,0
3.89,0.17,0.6,0,1.19,5,0.2,0,0.2,6,0,0
21.61,0,0.2,0.35,1.14,5,0.4,0.04,0.2,2,0,1
21.61,0,0.2,0,30.69,5,0.2,6.73,0.2,2,0,0
2.37,1.19,0.2,0.56,38.61,5,0.6,69.76,0.6,2,0,1
3.89,5.37,0.6,8.62,13.99,5,0.2,17.16,0.6,4,0,1
21.61,0.85,0.2,0.93,1.78,5,0.2,0,0.2,2,0,0
55.57,0.57,0.6,4.25,1.28,5,0.2,0.04,0.2,2,0,1
2.34,0,0.2,0,0,5,0.2,0,0.2,2,0,0
55.57,0.76,0.2,0.69,1.04,5,0.2,152.41,0.2,4,1,1
2.37,0.5,0.2,4.78,92.68,5,0.2,0,0.2,2,0,1
21.61,0.63,0.2,0.69,1.32,5,0.2,0.32,0.2,2,0,0
3.41,0,0.2,0.05,0.4025,5,0.2,54.07,0.2,6,0,1
1.85,2.46,0.6,0.37,2.83,5,0.2,0,0.2,2,0,0
2.72,4.36,0.6,33.91,38.27,5.5,0.4,6.06,0.4,6,0,1
55.57,0.74,0.2,1.1,0.74,5,0.2,0,0.2,2,0,0
3.41,20.04,0.6,48.9,68.94,5,0.2,11.09,0.6,2,0,1
55.57,0,0.2,0,8.82,5,0.2,8.95,0.2,2,0,1
2.72,5.11,0.2,19.42,7.5,5,0.2,26.64,0.2,4,0,0
1.85,4.6,0.6,0.12,63.86,5,0.2,2.33,0.6,6,0,0
1.85,8.94,0.6,1.32,10.26,5,0.2,0.02,0.2,2,0,1
2.37,0,0.2,0,0.22,5.5,0.2,0,0.2,2,0,1
2.37,4.25,0.2,0.69,0,5,0.2,0,0.6,2,0,1
55.57,2.54,0.6,5.52,8.06,5,0.2,0.49,0.2,2,0,1
21.61,0.52,0.6,0.79,1.42,5,0.6,0,0.2,2,0,1
3.89,0,0.6,0,1.65,5,0.2,0,0.2,4,0,1
55.57,0.07,0.2,0,0.07,5,0.2,0,0.2,2,0,0
55.57,0.49,0.2,0,0.49,5,0.2,0,0.2,2,0,0
59.85,0,0.2,0,0,5,0.2,3.3,0.2,2,0,0
55.57,1.4,0.2,0,3.27,5,0.2,0,0.2,2,0,0
55.57,4.17,0.2,0,0,5,0.2,0,0.2,2,0,1
55.57,0.49,0.2,4.78,5.27,5,0.2,0,0.2,2,0,0
3.89,2.51,0.2,0,0.89,5,0.2,0,0.4,2,0,0
15.56,1.59,0.2,0,0.56,5,0.2,205.19,0.4,2,0,0
55.57,0,0.2,0,0,5,0.2,0.02,0.2,2,0,0
55.57,3.26,0.6,7.37,21.81,5,0.2,0,0.2,2,0,1
2.34,0,0.2,0,0,5,0.2,0,0.2,2,0,0
2.37,0.72,0.6,0.03,0.43,5,0.2,0,0.6,2,0,0
3.41,7.18,0.6,0.0017,42.85,5,0.2,0,0.2,2,0,1
3.41,12.54,0.6,31.62,44.16,5,0.2,54.07,0.6,2,0,1
3.89,4.76,0.2,0,0.01,6,0.2,0,0.2,2,0,0
3.89,0,0.2,3.72,11.09,5,0.2,9.53,0.2,2,0,0
55.57,0.82,0.2,0.13,18.65,5,0.2,0.007,0.6,2,0,0
2.36,1.71,0.4,0,1.71,6.5,0.6,88.4,0.6,6,4,1
2.72,1.19,0.6,7.72,0.96,5,0.4,0,0.6,6,0,1
3.89,0.94,0.2,115.87,0.21,5,0.2,88.4,0.4,2,0,0
3.89,1.07,0.4,0,1.07,5,0.2,0,0.2,2,0,0
2.72,3.5,0.6,16.09,19.59,5,0.2,5.03,0.4,2,0,1
1.85,1.75,0.4,0,1.75,5,0.2,0.35,0.2,6,0,1
2.72,1.75,0.4,0.57,2.32,5,0.2,0,0.2,4,0,1
1.85,2.39,0.6,0.39,9.18,5,0.2,0,0.2,2,0,0
3.41,0.43,0.2,0,0.43,5,0.2,0,0.2,2,0,0
3.89,1.97,0.4,2.1,4.07,5,0.2,12.29,0.6,2,0,1
3.89,6.59,0.6,23.66,30.25,5,0.2,34.83,0.6,2,1,1
3.41,0,0.2,0,0,5.5,0.2,0,0.4,2,0,1
1.99,0.85,0.2,0,0.85,5,0.2,0,0.2,2,0,0
3.41,0.21,0.6,0.02,0.09,5,0.2,4.95,0.2,2,1,1
55.57,0,0.2,0,0,5,0.2,0,0.2,2,0,0
1.99,1.23,0.4,0,1.23,5,0.2,0.11,0.2,2,0,0
1.99,1.12,0.4,0,1.12,5,0.2,10.98,0.6,2,0,1
3.41,4.01,0.6,0,4.01,5,0.2,0,0.2,2,0,0
21.61,0.79,0.2,0,2.01,5,0.2,0.82,0.4,6,0,0
3.41,3.34,0.6,37.59,40.93,5,0.2,26.95,0.6,2,0,1
3.89,0,0.2,63.13,63.13,5,0.2,14.6,0.6,2,1,1
3.89,0.7,0.6,0,63.13,5.5,0.2,8.6,0.2,2,0,1
1.85,3.05,0.6,0.05,3.1,5,0.2,0,0.2,2,0,0
2.37,1.54,0.2,0.05,0.05,5,0.2,34.24,0.2,2,0,1
1.99,3.35,0.2,0,10.65,5,0.2,0,0.2,2,0,1
55.57,2.45,0.6,5.47,7.92,5,0.2,5.61,0.4,2,0,1
2.37,0.96,0.2,0.12,1.08,5,0.2,0.22,0.2,2,0,0
2.72,0.87,0.6,0,9.5,5,0.2,0,0.6,4,0,0
2.72,20.65,0.2,51.32,0.68,5,0.2,3.25,0.2,2,0,0
55.57,1.9,0.2,4.16,1.67,5,0.2,41.28,0.2,2,0,1
3.89,0.42,0.2,0.07,0.49,5,0.2,0.42,0.2,2,0,0
55.57,0.7,0.2,0.19,0.89,5,0.2,0,0.2,2,0,0
1.99,0.59,0.2,0,0.59,5,0.2,0,0.2,6,0,1
55.57,0.6,0.2,0.75,0.2,5,0.2,0,0.2,2,0,1
3.89,4.05,0.2,0.05,0.62,5,0.2,0.68,0.2,2,0,1
1.85,3.83,0.6,0.28,4.11,5,0.2,0,0.2,2,0,0
1.99,0.58,0.2,0,0.58,5,0.2,0,0.2,2,0,0
2.37,1.86,0.4,4.51,6.37,5,0.2,7.27,0.4,2,0,1
2.72,0.83,0.2,99.33,51.64,5,0.4,0,0.2,2,0,0
1.99,1.26,0.4,0,1.26,5,0.2,0,0.2,2,0,0
55.57,0.75,0.2,5.21,1.06,5,0.2,0,0.2,2,0,1
21.61,0.43,0.2,0,0.43,5,0.2,0,0.2,2,0,0
1.85,0.78,0.2,0.97,1.75,5,0.2,0.97,0.2,2,0,0
3.41,5.61,0.6,1.56,7.17,5,0.2,4.03,0.2,2,0,1
21.61,1.95,0.2,0,0.75,5,0.2,0,0.2,2,0,1
21.61,0,0.6,16.74,3.47,5,0.6,0,0.2,2,0,0
55.57,0.74,0.2,0,0.74,5,0.2,0.71,0.2,2,0,0
21.61,1.19,0.2,0,6.01,5,0.2,30.85,0.2,2,4,0
1.99,0,0.2,0,0,5,0.2,0,0.2,2,0,0
55.57,0.9,0.2,1.11,2.01,5,0.2,0,0.2,2,0,0
55.57,0.28,0.2,0.25,0.53,5,0.2,0,0.2,2,0,0
3.41,2,0.4,4.66,1.14,5,0.2,0,0.2,2,0,1
1.85,0,0.2,0,3.48,5,0.2,0,0.6,6,0,0
55.57,10,0.2,74.53,0,5,0.2,3.92,0.6,2,0,0
1.99,0.3,0.2,0,0.3,5,0.2,0,0.2,2,0,0
55.57,1.29,0.4,0,1.29,5,0.2,0,0.2,2,0,0
55.57,0.49,0.2,0.4,0.89,5,0.2,0,0.2,2,0,0
2.37,3.61,0.6,2.13,5.74,5,0.2,5.41,0.4,2,2,1
2.37,0.17,0.2,0,0,5,0.2,8.44,0.2,2,0,1
1.85,2.43,0.6,0.27,2.7,5,0.2,0,0.2,2,0,0
1.99,0.47,0.6,0.5,0.56,5,0.2,0.05,0.2,2,0,1
2.72,0,0.2,0,0,5,0.2,0,0.2,6,0,1
2.37,2.1,0.6,5.06,7.16,5,0.2,5.41,0.4,2,0,1
3.89,0,0.2,0,0,5,0.2,0,0.2,2,0,0
2.72,4.05,0.6,21.66,25.71,5.5,0.4,18.45,0.6,2,0,1
2.37,0.66,0.6,0.4,0.99,5.5,0.2,5.37,0.2,2,0,1
1.85,0.15,0.2,71.09,1.78,5,0.2,0,0.2,2,0,0
55.57,7.97,0.2,0,44.77,5,0.2,2.45,0.2,4,0,0
55.57,4.93,0.2,0,1.06,5,0.2,0.11,0.2,2,0,1
55.57,6.48,0.6,43.08,49.56,5,0.2,253.12,0.6,6,2,1
3.41,0,0.6,0.62,4.43,5,0.2,39.65,0.2,2,0,0
3.89,0,0.2,4.83,4.83,5,0.2,0.94,0.2,2,0,0
3.41,0,0.4,0,2.83,5,0.2,0,0.2,2,0,1
55.57,1.51,0.2,0,1.34,5,0.4,0,0.2,2,0,0
3.41,5.78,0.6,0,0.02,5,0.2,83.96,0.2,2,0,1
1.85,0.02,0.6,0.05,0.79,5,0.2,0.74,0.2,4,0,0
3.89,1.44,0.2,0,1.01,5,0.2,0,0.2,2,0,1
1.99,0.44,0.2,0,0.44,5,0.2,0.04,0.2,4,0,0
55.57,0,0.2,0,0.83,5,0.6,0.9,0.2,2,0,1
55.57,0.41,0.2,0,0.41,5,0.2,0,0.2,2,0,0
55.57,1.6,0.6,0.87,0.03,5,0.2,0,0.2,2,0,0
55.57,0.51,0.2,2.17,3.1,5,0.2,0,0.2,4,0,0
2.37,0.02,0.2,0.87,0.89,5,0.2,0.04,0.2,2,0,0
3.41,0.71,0.2,5.64,7.76,6,0.2,0,0.2,2,0,1
55.57,0.68,0.2,0,0.68,5,0.2,0,0.2,4,0,0
55.57,2.41,0.6,4.69,7.1,5,0.2,0.25,0.2,2,0,1
3.41,0,0.4,2.27,0.84,5,0.4,0.82,0.2,2,0,0
21.61,0.78,0.2,0.18,0.56,5,0.2,0,0.2,2,0,0
3.89,0,0.2,0.83,0.83,5,0.2,2.95,0.2,2,0,0
2.37,1.99,0.4,2.24,3.98,5,0.2,0,0.6,2,0,1
2.37,1.69,0.4,63.13,2.15,5,0.4,9.76,0.2,2,0,1
1.99,8.81,0.4,0,0.61,5,0.2,0,0.2,2,0,0
55.57,0,0.2,8.49,8.49,5,0.2,0.43,0.2,2,0,1
55.57,2.86,0.2,0,0,5,0.2,70.56,0.2,2,0,1
55.57,1.45,0.4,5.79,7.24,5,0.2,0.69,0.2,2,0,1
21.61,0.73,0.6,0.43,1.33,5,0.2,0,0.2,6,1,0
2.72,4.34,0.6,24.13,28.47,5,0.2,3.42,0.2,2,0,1
21.61,0.75,0.2,0.9,1.65,5,0.2,1.4,0.2,2,0,0
3.41,25.4,0.6,51.74,77.14,5,0.2,12.67,0.6,6,2,1
55.57,0.61,0.2,0,0.61,5,0.2,0,0.2,2,0,0
2.37,3.08,0.4,0.17,1.33,5,0.2,0,0.6,2,0,1
1.85,0.18,0.2,0.63,0.81,5,0.2,0,0.2,2,0,0
1.99,0.56,0.2,0,0.56,5,0.2,1.75,0.2,2,0,0
1.85,0.61,0.2,1.53,8.51,5,0.2,0,0.2,2,0,0
2.37,17.53,0.6,0,17.53,6.5,0.6,94.75,0.6,6,4,1
1.99,1.29,0.2,57.94,2.1,5,0.2,7.34,0.2,2,0,1
3.89,6.47,0.6,12.18,18.65,5,0.2,25.27,0.6,6,0,1
1.99,0.86,0.2,0,0.86,5,0.2,0,0.2,6,0,1
1.99,0.34,0.2,0.11,65.9,5,0.2,0.05,0.2,2,0,1
3.89,71.48,0.6,25.63,97.11,5,0.2,873.37,0.6,2,0,1
59.85,0.88,0.6,17.85,0.45,5,0.2,0,0.2,2,0,0
3.41,6.31,0.6,19.42,25.73,5.5,0.4,13.88,0.6,2,0,1
1.85,0.6,0.2,1.08,1.68,5,0.2,0.33,0.2,2,0,0
55.57,0.63,0.6,0.7,5,5,0.2,13.05,0.2,2,0,1
1.85,1.39,0.4,1.1,2.49,5,0.2,0,0.2,2,0,0
55.57,0.5,0.2,6.41,9.7,5.5,0.2,27.1,0.2,2,0,0
3.41,0.62,0.6,1,19.08,5,0.2,2.84,0.6,2,0,0
55.57,0,0.6,0,1.21,5,0.2,85.13,0.2,2,0,0
55.57,0.7,0.6,1.37,2.24,5,0.2,20.62,0.6,2,0,1
55.57,0.56,0.2,0,0.56,5,0.2,0,0.2,2,0,0
3.89,1.22,0.4,0.06,1.28,5,0.2,0,0.2,4,0,0
3.89,0,0.2,1.66,1.66,5,0.2,0.76,0.2,6,0,1
1.85,2.96,0.6,0.15,3.11,5,0.2,0,0.2,2,0,0
2.72,6.02,0.6,135.69,141.71,6,0.6,89.64,0.6,4,0,1
1.85,0,0.2,1.47,49.56,5,0.2,60.88,0.2,2,0,1
1.99,0.44,0.2,0.43,14.07,5,0.2,0.14,0.2,2,0,0
55.57,0,0.2,3.3,3.3,5,0.2,0,0.2,2,0,0
59.85,2.59,0.2,0,0,5,0.2,0.58,0.2,2,0,0
21.61,0,0.2,0,0,5,0.2,0,0.2,2,0,0
1.99,1.27,0.4,0,1.27,5,0.2,2.77,0.2,2,0,0
2.34,8.5,0.2,0,4.83,5,0.6,27.28,0.4,2,0,1
59.85,6.67,0.6,0.02,0,5,0.2,82.99,0.2,2,0,1
59.85,0.05,0.2,0,0.05,5,0.2,0.63,0.2,2,0,0
2.37,0.49,0.2,2.2,0,5,0.2,0,0.2,2,0,0
3.41,5.87,0.6,0.29,3.74,5,0.2,3.08,0.2,2,0,1
2.72,10.96,0.2,111.9,0.49,5,0.2,0,0.2,2,0,1
3.89,0,0.6,1.05,0.47,5,0.2,12.91,0.2,2,1,0
1.85,5,0.6,0,2.03,5,0.2,7.56,0.2,2,0,0
55.57,0.75,0.2,0.45,1.2,5,0.2,0,0.2,2,0,0
3.41,0.61,0.2,0.11,0.87,5,0.2,0,0.2,2,0,1
55.57,0.8,0.2,0.57,1.37,5,0.2,0,0.2,2,0,0
55.57,0.44,0.2,0.53,0.97,5,0.2,0,0.2,2,0,0
55.57,0.17,0.2,0,0.17,5,0.2,0,0.2,2,0,0
2.72,0.51,0.4,0,1.01,5,0.2,0,0.2,2,0,1
3.41,0.56,0.6,0.17,49.82,5,0.2,12.9,0.2,2,0,0
3.89,13.92,0.6,2.2,16.12,5,0.2,0.05,0.2,2,0,1
55.57,0,0.2,135.69,1.25,5,0.2,35.21,0.6,4,0,1
55.57,0.8,0.2,0,0.8,5,0.2,0,0.2,2,0,0
2.72,3.05,0.4,20.28,0.92,5,0.2,2.4,0.4,2,0,1
21.61,1.07,0.2,0,4.96,5,0.4,0,0.2,2,0,1
55.57,0.38,0.2,0,20.53,5,0.2,0,0.2,2,0,1
21.61,0.67,0.2,0.76,1.43,5,0.2,0,0.2,2,0,0
3.41,1.21,0.4,0,1.21,5,0.2,0,0.2,2,0,0
2.37,0.73,0.2,3.85,72.78,5,0.2,0.64,0.2,2,0,0
3.89,0,0.2,0.35,24.69,5,0.2,873.37,0.6,2,0,1
2.37,0,0.2,0,0,5,0.2,0,0.2,6,0,1
55.57,0,0.2,11.68,11.68,5,0.2,0,0.2,2,0,1
55.57,0.01,0.2,0,37.57,5,0.2,0,0.2,2,0,0
55.57,1.67,0.6,1.14,1.56,5,0.2,0,0.2,2,0,1
1.85,8.53,0.6,0.16,8.69,5,0.2,0.52,0.2,2,0,1
2.37,1.27,0.4,1.01,2.28,5,0.2,1.15,0.2,2,0,0
2.72,0.56,0.6,11.68,0.18,5,0.2,0,0.2,6,0,1
2.37,1.04,0.4,0,1.8,5,0.2,0.01,0.2,2,0,0
1.99,1.4,0.4,0,1.4,5,0.2,0,0.2,2,0,0
2.34,0,0.2,0,13.98,5,0.2,0,0.2,2,0,0
1.85,0,0.6,0.82,84.73,5,0.2,0,0.2,2,0,0
1.85,0.25,0.6,5.68,2.27,5,0.2,0.21,0.2,6,0,0
21.61,0.88,0.2,1.07,1.95,5,0.2,0.76,0.2,2,0,0
55.57,0.43,0.6,2.99,0,5,0.2,0,0.2,2,0,1
55.57,0,0.2,0,0,5,0.2,0,0.2,2,0,0
1.85,2.48,0.6,0.19,0,5,0.2,0.01,0.2,2,0,0
55.57,1.7,0.4,5.91,7.61,5,0.2,3.68,0.2,4,0,1
2.72,3.11,0.6,113.97,117.08,5.5,0.4,26.64,0.6,2,0,1
3.41,0.65,0.2,0,0.65,5,0.2,0,0.2,2,0,0
3.89,7.18,0.6,14.63,21.81,5,0.2,98.75,0.6,2,0,1
2.37,0,0.4,4.49,1.42,5.5,0.2,11.75,0.2,2,0,0
55.57,3.34,0.2,0.63,12.3,5,0.2,0.25,0.2,2,0,1
55.57,4.99,0.2,0.03,0.48,5,0.2,397.31,0.2,2,0,0
55.57,0.09,0.2,0.0015,0.06,5,0.2,1.19,0.2,2,0,0
2.37,1.65,0.4,0.02,1.67,5,0.2,2.47,0.2,2,0,0
1.85,0.01,0.2,0.91,0.92,5,0.2,0,0.2,2,0,0
2.72,1.35,0.4,0,1.35,6,0.6,680.14,0.6,2,0,1
55.57,0,0.2,0,0,5,0.2,0,0.2,2,0,0
21.61,0.34,0.2,0.27,0.61,5,0.2,0,0.2,2,0,0
55.57,0.49,0.2,0.4,0.89,5,0.2,0,0.2,2,0,0
59.85,0.07,0.2,0,0.07,5,0.2,10.4,0.6,2,0,1
21.61,0.19,0.2,0.27,0.46,5,0.2,0.65,0.2,2,0,0
55.57,0,0.2,1.14,1.08,5,0.2,0,0.2,2,0,0
2.72,1.9,0.4,35.04,36.94,6.5,0.6,16.19,0.6,2,0,1
2.37,0,0.2,0,0,5,0.2,0,0.2,2,0,0
1.99,1.1,0.4,0,1.1,5,0.2,0,0.2,2,0,0
2.72,0,0.2,0,0,5,0.2,0,0.2,2,0,0
55.57,0.24,0.2,0.04,0.28,5,0.2,0,0.2,2,0,0
3.89,7.42,0.6,2.24,9.66,5,0.2,1.25,0.2,2,0,1
1.85,1.85,0.6,0,2.99,5,0.2,0.33,0.6,2,0,1
3.41,10.08,0.6,22.31,32.39,5.5,0.4,16.82,0.6,2,0,1
55.57,12.7,0.2,0,1.04,5,0.2,0.57,0.2,2,0,0
3.41,0.8,0.2,0.28,2.32,5.5,0.2,3.68,0.2,4,0,0
2.37,1.48,0.4,7.26,17.79,5,0.2,0,0.2,2,0,0
55.57,0.77,0.2,0,0.9,5,0.2,67.03,0.6,2,2,0
1.85,0.71,0.2,0.66,1.37,5,0.2,0,0.2,2,0,0
21.61,0.01,0.6,0,0,5,0.2,0,0.2,2,0,0
55.57,0,0.2,0,0,5,0.2,0,0.2,2,0,0
3.89,10.96,0.6,41.47,52.43,5,0.2,35.21,0.6,2,1,1
3.41,0,0.2,0,0.59,5,0.4,0,0.2,2,0,0
55.57,0.58,0.4,0.49,1.19,5,0.2,0.76,0.2,2,0,0
55.57,0.1,0.2,0,0.1,5,0.2,0,0.2,2,0,0
55.57,1.19,0.4,0,1.19,5,0.2,0,0.2,2,0,0
3.89,4.24,0.6,8.06,12.3,5,0.2,10.69,0.6,2,0,1
55.57,0,0.2,0,0,5,0.2,0,0.2,2,0,0
3.89,0.51,0.2,0,0,5,0.2,0.57,0.2,2,0,0
55.57,0.29,0.4,1.58,0.93,5,0.2,0.16,0.4,6,0,0
1.99,1.19,0.4,0,1.19,5,0.2,29.76,0.6,2,0,1
3.89,0,0.2,98.67,1.23,5,0.2,2.62,0.2,2,0,1
1.85,4.6,0.6,1.17,5.77,5,0.2,0.04,0.2,2,0,0
59.85,1.65,0.2,0.84,1.1,5,0.2,0,0.2,2,2,1
2.72,0.67,0.2,2.92,47.85,5,0.2,215.31,0.2,2,0,1
55.57,1.08,0.4,0,1.08,5,0.2,0,0.2,2,0,0
21.61,85,0.6,1.06,86.06,5,0.2,0,0.2,6,0,1
3.41,9.97,0.6,88.73,98.7,5,0.2,10.27,0.6,2,0,1
3.89,0,0.2,0.96,0.96,5,0.2,1.35,0.2,2,0,0
59.85,0.21,0.2,0,0.21,5,0.2,0.33,0.2,4,0,0
21.61,13.06,0.6,0,1.24,5,0.2,102.39,0.4,2,0,1
59.85,0.42,0.4,52.89,0,5.5,0.2,0.6,0.2,2,0,0
2.37,1.67,0.4,0.39,2.06,5,0.2,1.43,0.2,2,0,0
2.37,1.07,0.6,0.45,5.87,5,0.2,0,0.2,2,0,1
2.72,5.65,0.6,67.16,72.81,6,0.6,27.23,0.6,2,0,1
2.37,2.29,0.6,2.64,4.93,5,0.2,3.08,0.2,2,0,0
2.72,1.56,0.4,14.64,16.2,5,0.2,25.97,0.6,2,0,1
3.89,0.43,0.2,0.99,28.47,5,0.4,22.8,0.2,6,0,0
3.41,0,0.6,0,0.43,5,0.2,0,0.2,2,0,1
3.89,0.7,0.6,0,0.77,5,0.2,0.08,0.2,2,0,0
55.57,0.4,0.2,0,0.74,5,0.2,0,0.4,2,0,0
3.89,0,0.2,2.97,2.97,5,0.2,2.84,0.2,2,0,0
2.72,3.51,0.6,52.89,56.4,5,0.2,4.26,0.2,2,0,1
2.72,0,0.2,0.62,0.62,5,0.2,0,0.2,2,0,0
3.89,1.21,0.4,0,16.2,5,0.2,0.1,0.2,2,0,1
2.72,0,0.2,85.87,8.81,5,0.2,0,0.2,2,0,0
1.99,0,0.6,0,0,5,0.2,0,0.2,6,1,1
21.61,1.63,0.6,2.72,0,5,0.2,0,0.6,2,0,0
1.85,3.92,0.6,1.08,5,5,0.2,0,0.2,2,0,0
55.57,0,0.2,1.96,1.96,5,0.2,0.4,0.2,2,0,0
3.41,1.15,0.4,20.1,21.25,6,0.6,21.45,0.6,2,0,1
2.37,0.84,0.2,0.06,0.9,5,0.2,0.72,0.2,2,0,0
55.57,1.28,0.4,0,1.28,5,0.2,0,0.2,2,0,0
59.85,1.34,0.4,0,1.3,5,0.2,0.06,0.2,2,1,0
3.41,2.45,0.2,1.08,8.13,5,0.2,0.42,0.2,2,0,0
55.57,0.38,0.2,0.49,0.87,5,0.2,0,0.2,2,0,0
1.85,13.15,0.6,1.63,14.78,5,0.2,1.19,0.2,4,0,1
3.89,1.26,0.2,0,0.96,6,0.2,14.1,0.2,2,0,0
55.57,0,0.2,0.09,3.22,5,0.2,0,0.2,2,0,0
2.72,0,0.2,0,0,5,0.2,0,0.2,2,0,0
1.99,57.03,0.6,134.33,191.36,5,0.2,844.37,0.6,2,0,1
1.85,2.48,0.6,0.1,2.58,5,0.2,0,0.2,2,0,0
2.72,0.17,0.6,113.97,38.27,6,0.2,0,0.2,2,1,0
3.89,4.86,0.6,46.78,51.64,5.5,0.4,63.18,0.6,2,0,1
55.57,0.68,0.2,1.47,2.15,5,0.2,0,0.2,2,0,0
1.99,0.15,0.6,9.01,19.59,5,0.2,0,0.2,2,0,0
3.89,0.56,0.2,38.32,0.2517,5,0.4,0,0.6,2,0,0
55.57,13.91,0.2,0.81,1.23,5,0.2,58.86,0.6,2,0,0
1.85,0,0.2,0,0,5,0.2,10.53,0.6,4,0,1
55.57,0,0.2,0,0.78,5,0.2,0.06,0.6,2,0,1
2.37,0.42,0.2,0.27,0.69,5,0.2,0,0.2,2,0,0
3.89,7.97,0.6,17.18,25.15,5,0.2,935.03,0.6,2,0,1
59.85,0,0.2,0,0,5,0.2,0.19,0.2,2,0,0
55.57,0,0.2,0,0,5,0.2,0,0.2,2,0,0
2.72,0,0.2,0,0.58,5,0.2,5.49,0.2,2,1,1
3.89,2.57,0.6,4.49,7.06,5,0.2,7.56,0.4,2,1,1
1.99,0.77,0.2,0,0.77,5,0.2,0,0.2,4,0,0
3.89,0.74,0.2,1,1.74,5,0.2,0,0.2,2,0,0
3.89,11.95,0.6,30.9,42.85,5,0.2,32.68,0.6,2,0,1
3.41,1.15,0.2,0.96,3.7,5,0.2,0.05,0.2,2,0,0
55.57,0.84,0.2,0.65,1.49,5,0.2,0,0.2,2,0,0
1.85,7.07,0.6,0.72,7.79,5,0.2,0,0.2,2,0,1
55.57,10.02,0.2,0,0,5,0.2,86.7,0.4,6,0,1
2.72,3.48,0.4,5.24,1.07,5,0.2,0,0.2,2,0,0
2.37,2.43,0.4,18.31,9.04,5,0.2,29.76,0.2,2,0,1
3.89,0.3,0.2,0,47.9,5.5,0.2,0,0.2,2,0,0
1.85,0.8,0.6,0,0,5,0.2,0,0.6,2,0,0
21.61,3.63,0.6,0.39,1.16,5,0.2,0,0.2,2,0,1
2.72,2.41,0.6,5.28,7.69,5,0.2,8.95,0.4,4,0,1
1.99,1.53,0.4,0,1.53,5,0.2,0.03,0.2,4,0,0
2.72,1.13,0.4,0,1.13,5,0.2,0,0.2,2,0,0
3.89,6.32,0.6,9.01,15.33,5,0.2,8.31,0.4,2,0,1
3.89,0,0.6,0.46,98.76,5,0.2,26.95,0.2,2,0,1
2.72,1.13,0.4,0,1.13,5,0.2,0.02,0.2,2,0,0
2.37,0.49,0.2,1.06,19.45,5,0.4,0.04,0.6,2,0,1
2.72,1.14,0.4,0,1.14,5,0.2,0.71,0.2,2,0,0
2.37,0.53,0.2,5.4,5.93,5,0.2,0.72,0.2,2,0,0
3.89,0,0.2,0,1.95,5,0.2,0,0.2,2,0,1
2.72,0,0.2,45.42,0.69,5,0.2,0.02,0.2,2,0,1
2.72,3.62,0.6,8.37,11.99,5,0.2,0,0.2,2,0,1
55.57,0.51,0.2,1.63,2.14,5,0.2,1.8,0.2,2,0,0
2.72,5.5,0.6,93.26,98.76,5,0.2,14.27,0.6,2,0,1
55.57,0,0.2,1.01,1.28,5,0.2,0.51,0.6,2,0,0
59.85,0,0.2,0,0,5,0.2,0,0.2,2,0,0
3.41,0.3,0.2,1.01,3.22,5,0.2,7.79,0.2,2,0,0
3.41,2,0.6,49.19,51.19,5,0.2,60.88,0.6,2,1,1
3.89,1,0.4,0,1,5,0.2,0.36,0.2,2,0,0
3.89,0,0.2,0.43,0.43,5,0.2,0,0.2,2,0,0
2.37,1.14,0.6,33.25,1.49,5,0.2,76.47,0.2,2,0,0
3.41,15.38,0.6,47.9,0.88,5,0.2,9.67,0.2,2,0,1
1.99,0.33,0.2,0,1.74,5,0.2,0.51,0.2,6,0,0
55.57,0.17,0.2,0,0.17,5,0.2,0,0.2,2,0,0
1.85,0.28,0.4,1.64,1.97,5,0.2,98.75,0.2,2,0,1
55.57,3.67,0.2,0.28,0.1,5,0.2,0,0.2,2,0,1
59.85,0.96,0.2,2.97,1.36,5,0.2,1.66,0.2,2,0,1
17.68,1.07,0.2,0,1.1,5,0.2,77.47,0.2,2,0,0
21.61,0.54,0.2,0.56,1.1,5,0.2,0.8,0.2,2,0,0
2.72,4.43,0.6,61.47,65.9,5.5,0.4,39.65,0.6,2,0,1
55.57,0.88,0.2,0.54,1.42,5,0.2,0.11,0.2,2,0,0
2.72,0.17,0.2,0,0,5,0.2,8.38,0.2,2,1,0
2.72,8.94,0.2,0.41,1.37,5,0.2,5.03,0.2,2,1,1
2.37,1.66,0.4,0.83,2.49,5,0.2,0.31,0.2,6,0,1
1.85,7.84,0.6,0.65,141.71,5,0.2,8.47,0.2,2,0,1
55.57,2.23,0.2,0,32.39,6,0.2,37.79,0.2,2,0,0
2.72,3.22,0.6,55.64,58.86,5,0.2,80.8,0.6,2,0,1
3.89,9.94,0.2,0.08,0.88,5,0.2,0,0.2,2,0,1
2.37,0.51,0.2,0,0.51,5,0.2,0,0.2,6,0,1
1.85,4.04,0.6,0,4.04,5,0.2,0.79,0.2,6,0,1
3.41,5.37,0.2,66.35,0.08,5,0.2,0,0.2,2,0,0
2.72,3.62,0.6,0,25.73,5,0.2,0,0.2,2,0,1
55.57,1.65,0.6,1.71,1.08,5,0.2,85.81,0.6,2,0,0
1.85,0,0.2,0,0,5,0.2,0,0.2,4,0,0
1.85,0.9,0.2,0,0.9,5,0.2,0.13,0.2,6,0,1
2.72,0,0.2,45.16,73.66,5,0.2,0.09,0.6,2,0,1
1.85,2.89,0.6,0.11,3,5,0.2,0.04,0.2,2,0,0
1.99,0,0.4,1.54,1.96,5,0.2,0,0.2,2,0,1
3.41,0,0.6,0.11,1.03,5,0.2,0,0.2,4,0,1
1.99,0.01,0.4,0.88,7.06,5,0.2,0.01,0.6,6,0,1
1.99,0.29,0.2,0,0.29,5,0.2,0.06,0.2,2,0,0
1.85,1.17,0.4,0.15,1.32,5,0.2,0,0.2,2,0,0
3.89,10,0.6,74.26,84.26,5.5,0.4,11.16,0.6,2,3,1
55.57,2.42,0.6,3.53,5.95,5,0.2,6.31,0.4,2,0,1
1.99,0.55,0.2,0,0.55,5,0.2,0.67,0.2,2,0,0
21.61,0,0.2,4.2,0.48,5,0.2,0,0.2,2,0,1
3.41,1.08,0.4,32.71,33.79,5,0.2,8.38,0.4,2,0,1
3.89,0.61,0.4,0.08,0.29,5,0.2,35.13,0.6,2,0,0
3.41,2.7,0.6,45.16,47.86,5,0.2,37.79,0.6,2,0,1
1.99,2.96,0.2,0,0.74,5.5,0.6,31.61,0.2,2,0,1
21.61,16.36,0.6,0.93,2.97,5,0.2,0.06,0.6,2,0,1
59.85,0,0.2,0,0,5,0.2,0,0.2,2,0,0
3.89,6.85,0.6,31.76,38.61,5,0.2,1.46,0.2,2,0,1
55.57,0,0.2,0,0,5,0.2,0,0.2,2,0,0
59.85,1,0.4,11.05,1.83,6.5,0.2,0.05,0.2,2,0,0
3.89,0,0.2,15.38,15.38,5,0.2,126.13,0.6,2,0,1
55.57,0.62,0.2,0.47,1.09,5,0.2,0.58,0.2,2,0,0
55.57,0.74,0.2,0,5.41,5,0.2,0,0.2,2,0,0
1.85,11.44,0.6,1.41,12.85,5,0.2,0.04,0.2,2,0,1
2.72,1.64,0.4,0.19,1.83,5,0.2,1.59,0.2,2,0,0
55.57,0.51,0.2,0.03,0.54,5,0.2,0,0.2,2,0,0
1.99,1.19,0.2,0,1.19,5,0.2,43.53,0.2,2,0,1
55.57,3.99,0.2,0.21,0.8,5,0.2,1.3,0.2,2,0,0
55.57,1.67,0.4,0,1.67,5,0.2,0.06,0.2,4,0,0
2.37,1.54,0.4,0.46,2,5,0.2,0.57,0.2,2,0,0
3.89,10.08,0.4,0.83,59.59,5,0.2,0,0.4,2,0,1
3.41,4.25,0.6,45.51,49.76,5.5,0.4,8.2,0.4,2,0,1
21.61,1.6,0.4,1.1,89.52,5,0.2,0,0.6,2,2,0
55.57,0,0.2,0,0,5,0.2,0,0.2,2,0,0
3.89,5.45,0.2,0.28,2.06,5,0.2,0,0.2,6,0,1
2.72,2.23,0.6,4.54,6.77,5,0.2,22.8,0.6,6,0,1
59.85,0.06,0.2,0,0.06,5,0.2,0,0.2,2,0,0
3.41,0.63,0.2,0,0.63,5,0.2,0,0.2,2,0,0
55.57,0.02,0.2,0,0.02,5,0.2,0,0.2,2,0,0
55.57,5.43,0.6,20.62,0.62,5,0.2,0,0.2,2,0,0
55.57,1.49,0.4,2.34,3.83,5,0.2,0.25,0.2,2,0,0
55.57,20.04,0.4,0.08,9.01,5,0.2,25.27,0.4,2,0,1
55.57,1.07,0.4,0.16,1.23,5,0.2,0,0.2,2,0,0
55.57,1.44,0.2,0,75.28,5,0.4,0,0.2,2,0,1
1.85,5,0.6,0.54,5.54,5,0.2,0,0.2,2,0,0
2.72,0.51,0.2,0.63,0.68,5,0.2,0.71,0.2,2,0,0
55.57,0.51,0.2,134.33,11.1,5,0.2,0,0.6,2,0,0
1.99,0.9,0.2,0,32.99,5,0.2,21.45,0.2,2,0,1
3.89,1.35,0.6,0.29,0,5,0.2,0.01,0.6,2,0,1
59.85,0.03,0.2,0,0.03,5,0.2,1.22,0.2,2,0,0
3.89,0,0.2,2.27,2.27,5,0.2,2.62,0.2,2,0,0
3.89,5.31,0.6,22.79,28.1,5,0.2,205.19,0.6,2,1,1
55.57,3.92,0.2,0,58.48,5,0.6,0,0.2,2,5,1
55.57,1.35,0.6,20.1,3.71,5,0.2,0,0.2,2,0,0
2.72,1.65,0.4,20.86,22.51,5,0.2,16.91,0.6,2,0,1
55.57,1.05,0.6,0.63,0.59,5,0.2,6.14,0.2,4,0,1
3.41,2.4,0.2,43.84,19.95,5,0.2,0.59,0.2,2,0,0
1.99,0,0.2,0,0.32,5,0.2,0,0.2,2,0,1
3.41,2.2,0.2,0,15.33,5,0.2,0,0.2,2,0,1
1.85,9.97,0.2,6.72,0.2621,5,0.2,0.49,0.2,2,0,1
2.37,1.29,0.4,0.25,1.54,5,0.2,0,0.2,2,0,0
2.37,2.22,0.6,3.4,5.62,5,0.2,26.28,0.6,2,1,1
2.72,2.18,0.6,30.81,32.99,5,0.2,5.8,0.4,4,0,1
1.85,0.84,0.4,36.16,0.2,5.5,0.2,0.02,0.6,2,0,0
3.41,1.07,0.4,0,1.07,5,0.2,10.02,0.6,2,0,1
3.41,1.07,0.4,0,1.07,5,0.2,0,0.2,6,0,1
3.41,0.29,0.6,0,102.51,5,0.2,0.76,0.4,2,0,1
3.41,5.15,0.6,44.67,49.82,5.5,0.4,21.07,0.6,2,0,1
3.41,0,0.2,0,0,5,0.2,0,0.2,4,0,0
2.37,0.39,0.2,0.14,0.53,5,0.2,0.58,0.2,2,0,0
3.41,1.28,0.6,1.29,1.16,5,0.2,0,0.4,2,0,0
3.41,1.97,0.4,30.25,32.22,5,0.2,0.68,0.2,2,0,1
1.99,0.62,0.2,0,0.98,5,0.2,1.03,0.6,2,0,1
55.57,0,0.6,0.54,0.95,6.5,0.2,0,0.2,2,0,0
55.57,0,0.4,5.89,28.1,5,0.2,8.2,0.2,2,0,1
3.41,0.74,0.4,0.28,0.15,5,0.2,0,0.2,2,0,0
1.85,2.49,0.6,0.29,2.78,5,0.2,0.49,0.2,2,0,0
59.85,1.94,0.4,6.69,8.63,5.5,0.4,13.3,0.6,6,1,1
1.85,0.03,0.2,0,34.6,5,0.2,0.29,0.2,2,0,0
55.57,0.32,0.2,0.17,0.49,5,0.2,0,0.2,2,0,0
21.61,1.39,0.2,1.16,1.75,6,0.2,2.39,0.2,4,1,1
55.57,12.28,0.4,0,1.72,5,0.2,0,0.6,6,0,1
59.85,0,0.2,0.22,0.22,5,0.2,0,0.2,2,0,0
55.57,0,0.2,41.47,0.7,5.5,0.2,16.09,0.4,2,0,0
55.57,1.13,0.6,5.55,4.98,5,0.2,0.1,0.2,2,0,0
55.57,0,0.2,0,0,5,0.2,0.01,0.2,2,0,0
55.57,3.1,0.6,4.66,7.76,5,0.2,0.59,0.2,2,0,1
3.89,1.1,0.4,21.66,0,5,0.2,2.29,0.6,2,0,0
1.85,5.61,0.2,3.3,0.82,5.5,0.2,0,0.2,6,0,1
55.57,1.24,0.4,2.27,3.51,5,0.2,0,0.2,6,0,1
59.85,0.27,0.2,0,0.27,5,0.2,16.09,0.6,2,0,1
2.72,1.06,0.4,0,1.07,5,0.2,52.13,0.2,2,0,0
3.89,0.61,0.6,0,2.78,5,0.2,0.01,0.4,2,0,0
3.89,0.68,0.6,0,9.01,5,0.2,0.36,0.2,2,1,1
3.89,0.82,0.4,0,44.16,6,0.2,0,0.6,2,0,0
3.41,2.24,0.4,0.85,1.13,5,0.2,0,0.4,2,0,0
59.85,7.37,0.4,0.91,1.02,5.5,0.2,0,0.2,2,1,1
21.61,0.38,0.2,0,20.87,5.5,0.2,1.4,0.2,2,0,1
1.99,0.76,0.2,0,0.76,5,0.2,7.48,0.4,2,0,0
3.89,1.19,0.4,12.88,14.07,5,0.2,2.33,0.2,6,0,1
2.72,3.26,0.6,5.55,8.81,5,0.2,0.21,0.2,6,0,1
55.57,0.3,0.2,0.0023,0.3023,5,0.2,0,0.2,2,0,0
2.37,0.31,0.2,4.48,1.49,5,0.2,7.27,0.6,2,0,0
3.41,4.73,0.6,60.22,64.95,5,0.2,69.76,0.6,2,0,1
3.41,3.63,0.6,10.85,14.48,5,0.2,0.28,0.2,2,0,1
2.72,0.71,0.6,1.59,0.63,5,0.2,0,0.2,2,0,0
2.72,0.93,0.4,0,17.53,5,0.4,11.16,0.2,2,0,0
3.89,0,0.4,0.72,0.04,5,0.2,13.79,0.2,2,0,0
2.37,3.75,0.6,1.25,5,6,0.6,11.25,0.6,6,0,1
3.89,0,0.2,6.8,6.8,5,0.2,47.9,0.6,2,0,1
55.57,2.81,0.2,0,0.46,5,0.2,11.69,0.6,2,0,0
21.61,0.27,0.2,0.35,0.62,5,0.2,0,0.2,2,0,0
3.89,1.06,0.2,0,102.46,5,0.2,0,0.2,2,0,1
3.41,4.18,0.2,0,1.67,6.5,0.2,0,0.2,2,4,1
2.34,2.1,0.2,0,0.85,5,0.2,0,0.2,2,0,0
2.72,4.18,0.4,0.6,2.14,5,0.2,36.52,0.6,6,0,1
55.57,0,0.2,4.6,0.84,5,0.2,15.2,0.2,2,0,0
55.57,1.09,0.4,0,1.09,5,0.2,0,0.2,2,0,0
3.41,4.17,0.6,24.37,28.54,5,0.2,4.24,0.2,2,0,1
2.72,1.5,0.4,0,1.5,5,0.2,1.44,0.2,2,0,0
55.57,0,0.2,0,0,5,0.2,0,0.2,2,0,0
55.57,8.46,0.4,16.63,0,5.5,0.2,0,0.2,6,0,0
1.85,6.32,0.6,0,0.08,5,0.2,6.06,0.4,2,0,0
1.85,7.09,0.6,1.95,9.04,5,0.2,0,0.2,2,0,1
3.89,0,0.2,10.8,10.8,6,0.6,11.75,0.6,2,0,1
3.89,0,0.2,0.08,0.08,5,0.2,0.06,0.2,6,0,1
55.57,2.41,0.4,0.79,0.46,5,0.2,0,0.2,2,0,1
1.85,1.07,0.6,72,0,5,0.2,0.07,0.2,2,0,0
3.89,1.62,0.6,0,9.84,5,0.2,2.95,0.6,2,0,0
21.61,0.59,0.2,0.69,1.28,5,0.2,0,0.2,2,0,0
59.85,0,0.6,0.55,0.07,5,0.2,0,0.2,2,0,0
1.85,3.74,0.6,0.55,4.29,5,0.2,0,0.2,2,0,0
2.37,1.46,0.4,0.55,2.01,5,0.2,0.67,0.2,2,0,0
1.99,4.43,0.6,72.76,38.03,5,0.2,0,0.6,2,0,1
1.85,0.85,0.2,7.97,0.49,5,0.2,0,0.4,2,0,1
1.85,0,0.2,2.13,0.11,5,0.2,0.04,0.2,2,0,0
55.57,0,0.2,0,0,5,0.2,0,0.2,2,0,0
2.72,0.42,0.2,0.29,0.83,5,0.2,0.99,0.2,2,0,0
59.85,0,0.2,1.61,4.29,5,0.2,0,0.6,2,0,1
3.89,0,0.2,0,1.1106,5,0.2,0,0.2,2,0,0
55.57,0,0.2,1.16,1.16,5,0.2,0,0.2,2,0,0
55.57,0,0.2,1.41,1.1,5,0.2,0.04,0.2,2,0,0
55.57,0.85,0.2,0.06,1268.91,5,0.2,1.82,0.2,2,0,1
3.89,0.77,0.2,18.31,19.08,5,0.2,67.03,0.6,2,0,1
2.72,1.33,0.4,0.35,1.68,5,0.2,0,0.2,2,0,0
3.89,0,0.2,0,0,5,0.2,1.75,0.2,2,0,0
55.57,4.34,0.6,8.62,0.89,5,0.2,0,0.6,2,0,1
2.72,1.6,0.4,0,1.6,5,0.2,0,0.2,2,0,0
3.41,10,0.6,47.9,57.9,5,0.2,7.7,0.4,2,0,1
55.57,0,0.2,0,0,5,0.2,0,0.2,2,0,0
15.56,3.61,0.2,0,10.97,5,0.2,0,0.2,2,0,0
3.89,0.01,0.2,1.29,1.3,5.5,0.4,36.52,0.6,4,0,1
2.34,0,0.2,0,0,5,0.2,0,0.2,2,0,0
3.89,0,0.2,0.06,0.06,5,0.2,0,0.2,2,0,0
21.61,3.14,0.6,5.68,8.82,5.5,0.4,11.33,0.6,4,0,1
3.41,12.62,0.6,80.06,92.68,5.5,0.4,43.53,0.6,4,0,1
55.57,0.47,0.2,0.37,0.84,5,0.2,0,0.2,2,0,0
3.89,1.95,0.4,9.01,10.96,5,0.2,9,0.4,2,0,1
3.89,5.23,0.6,5.89,11.12,5,0.2,19.4,0.6,2,0,1
55.57,1.35,0.6,1.07,0.28,5,0.2,0,0.2,2,0,0
55.57,0,0.2,0,0,5,0.2,0.32,0.2,2,0,0
55.57,0.09,0.2,0,0.09,5,0.2,0,0.2,2,0,0
3.41,3.77,0.6,40.86,44.63,5,0.2,18,0.6,2,0,1
2.72,0.7,0.2,0,22.51,5,0.2,0.58,0.2,2,0,1
59.85,5.47,0.2,0,0,5,0.2,0,0.6,2,0,0
3.89,0,0.6,0,0.52,5,0.2,0,0.2,2,0,0
3.89,0,0.2,0.03,0.03,5,0.2,0.06,0.2,2,0,0
55.57,0.99,0.2,0,0.99,5,0.2,0,0.2,4,0,0
59.85,2.21,0.2,0,0.58,5,0.2,0,0.2,2,1,0
55.57,0.69,0.4,0.67,0,5,0.2,0,0.2,4,0,0
55.57,7.01,0.4,27.92,0,5.5,0.6,0.84,0.2,2,0,0
3.41,1.01,0.4,0,1.01,5,0.2,0,0.2,2,0,0
3.89,57.03,0.2,0,0.86,5,0.2,44.67,0.2,2,0,0
55.57,0.29,0.2,1.47,1.05,5,0.2,0,0.6,4,0,1
3.89,1.99,0.4,10.24,12.23,5,0.2,20.78,0.6,2,0,1
55.57,11.44,0.6,47,14.78,5,0.2,0,0.2,2,1,1
59.85,0.03,0.2,0,0.03,5,0.2,1.66,0.2,2,0,0
2.72,0.42,0.6,0.16,21.68,5,0.4,1.08,0.2,2,0,1
1.99,1.6,0.6,0,191.36,5,0.2,0,0.6,2,0,0
59.85,0.39,0.2,0.39,0.78,5,0.2,0.17,0.2,4,0,0
55.57,1.36,0.4,0,1.36,5,0.2,0,0.2,2,0,0
1.85,3.66,0.6,0,28.89,5,0.2,0.35,0.2,6,0,0
15.56,20.65,0.6,0,0,6,0.6,397.31,0.6,6,1,1
1.99,1.82,0.4,0,1.82,5,0.2,85.13,0.6,4,0,1
21.61,0.02,0.6,60.22,0.31,5,0.2,0.01,0.2,2,0,0
1.85,3.43,0.4,0.27,0.42,5,0.2,0,0.2,2,0,0
21.61,0,0.2,0,0.9,5,0.2,0.1,0.2,6,0,1
1.85,0.64,0.2,0,47.56,5,0.4,0,0.2,2,3,0
3.89,0,0.6,0,0.91,5,0.2,23.97,0.6,2,0,1
1.99,2.7,0.2,0,61.48,5,0.2,1.65,0.2,2,0,0
3.41,0,0.2,0,3.51,5,0.2,12.67,0.2,2,2,1
3.41,45.23,0.2,0,1.2,5,0.2,0.04,0.2,2,0,1
59.85,0.53,0.4,0,7.16,5,0.2,0,0.2,2,0,1
55.57,8.25,0.2,0,53.4,5,0.2,11.33,0.6,2,0,1
1.85,0.54,0.6,41.1,0.15,5,0.2,14.6,0.4,2,0,0
21.61,4.28,0.2,0.59,6.55,5,0.2,7.7,0.2,2,0,0
59.85,0.83,0.2,4.6,9.87,5,0.2,4.24,0.6,2,0,1
2.72,1.81,0.2,0,0,5,0.4,16.09,0.6,2,0,1
1.99,3.47,0.6,0,0.62,5,0.2,0.007,0.2,4,0,1
3.89,0.34,0.2,0,0,5,0.2,0,0.4,2,0,0
2.72,2.13,0.4,0.91,5.93,5,0.2,29.07,0.2,6,0,0
3.41,4.13,0.2,0.66,1.65,5,0.2,0,0.2,2,1,0
2.72,0.67,0.2,0.21,7.79,5,0.2,11.25,0.2,2,0,0
59.85,0.65,0.4,0.49,6.09,5,0.4,0,0.2,2,0,0
2.37,2.22,0.6,6.23,8.45,5,0.2,0.89,0.2,2,0,1
55.57,1.12,0.2,1.17,114.49,5,0.2,1.75,0.2,2,0,1
3.89,0.55,0.6,0,2.09,5,0.2,0.97,0.6,2,0,0
2.37,0.48,0.2,0,0.44,5,0.2,0.33,0.2,2,0,0
2.37,12.29,0.2,0,0,5,0.2,0,0.4,2,1,0
1.85,1.84,0.2,0,0.78,5,0.4,0,0.2,2,0,0
3.89,0,0.2,1.03,1.03,5,0.2,0,0.2,2,0,0
2.37,1.07,0.4,0.59,1.66,5,0.2,0,0.2,2,0,0
3.89,4.18,0.6,2.5,6.68,5,0.2,3.38,0.2,2,0,1
3.89,8.4,0.6,11.05,19.45,5.5,0.4,7.34,0.4,2,0,1
1.85,0.88,0.6,2.64,49.76,5,0.2,0,0.2,2,0,0
3.41,6.93,0.6,70.26,77.19,5,0.2,9.73,0.4,2,0,1
3.41,1.9,0.2,1,1.74,5,0.4,0,0.2,2,0,0
55.57,3.14,0.2,0.92,3.11,5,0.2,89.64,0.2,2,0,0
2.72,3.84,0.6,98.67,102.51,5,0.2,12.9,0.6,2,0,1
2.72,6e-04,0.2,0.05,9.06,5,0.2,0,0.6,2,1,0
2.37,0.56,0.2,0.7,1.26,5,0.2,0,0.2,6,0,1
55.57,0.27,0.6,0,5.2,5,0.2,0,0.6,4,0,1
3.41,0,0.2,67.91,0,5,0.2,0,0.2,2,0,0
3.89,0,0.2,0.54,1.71,5,0.2,0,0.2,2,2,1
21.61,0,0.2,0,0,5,0.2,0,0.2,2,0,0
55.57,0.7,0.2,0,0.7,5,0.2,0,0.2,2,0,0
21.61,0,0.2,0,0,5,0.2,0.03,0.2,2,0,0
1.85,5.87,0.6,0,5.87,5,0.2,0.44,0.2,6,0,1
3.89,0.51,0.2,0.23,0.74,5,0.2,0,0.2,2,0,0
55.57,0.39,0.2,0.91,1.3,5,0.2,0,0.2,2,0,0
2.72,8.54,0.2,0,1.76,5,0.2,0.33,0.6,2,0,0
3.89,4.76,0.6,13.03,17.79,5,0.2,0.58,0.2,2,1,1
1.85,0.7,0.2,0.6,1.3,5,0.2,0.51,0.2,2,0,0
2.37,1.13,0.4,3.85,4.98,6.5,0.6,20.89,0.6,6,0,1
3.89,0,0.2,0.85,0.85,5,0.2,0,0.2,4,0,0
1.85,4.6,0.2,93.26,2.12,5,0.2,0,0.2,2,0,0
59.85,7.59,0.6,6.69,32.9,5,0.2,1.22,0.2,2,0,1
55.57,1.2,0.4,0.54,1.74,5,0.2,0.45,0.2,2,0,0
1.99,0.06,0.6,0,0,5,0.2,10.02,0.2,2,0,1
55.57,0,0.2,0,0,5,0.2,0,0.2,2,0,0
55.57,1.09,0.2,0,1.62,5,0.6,0.19,0.2,2,0,0
2.37,0,0.6,0.93,0,5,0.2,0.72,0.6,2,1,1
55.57,0.43,0.4,0.62,0.77,5,0.2,0.02,0.2,2,0,0
3.41,3.21,0.6,72.07,75.28,5,0.2,13.79,0.6,6,1,1
55.57,17.53,0.4,0.48,0.53,5,0.2,0,0.2,2,1,0
15.56,0,0.2,0,0,5,0.2,23.97,0.6,6,0,1
2.72,3.04,0.6,67.37,70.41,6.5,0.6,77.47,0.6,2,0,1
59.85,0.04,0.2,0,0.04,5,0.2,0.22,0.2,2,0,0
55.57,0,0.2,1.3,1.3,5,0.2,0,0.2,2,0,0
2.72,7.07,0.2,0.46,0.3209,5,0.2,45.37,0.2,2,0,0
2.72,1.46,0.4,0.75,2.21,5,0.2,0.11,0.2,2,0,0
2.37,3.43,0.6,1,4.43,5.5,0.4,49.31,0.6,2,1,1
2.37,3.81,0.6,11.52,15.33,5,0.2,3.25,0.2,4,0,1
2.37,0.38,0.2,0.85,1.23,5,0.2,0.04,0.2,2,0,0
3.89,12.27,0.6,72.46,84.73,5,0.2,5.69,0.4,2,0,1
2.37,0.66,0.2,0,1.09,5.5,0.2,2.86,0.6,4,0,1
59.85,0.3,0.2,0,0.3,5,0.2,0,0.2,2,0,0
1.85,0.79,0.2,1.01,1.8,5,0.2,0.57,0.2,2,0,0
55.57,0,0.2,1.95,3.55,5,0.2,0,0.2,2,0,0
55.57,0.45,0.2,8.27,8.72,5,0.2,9.43,0.4,4,0,1
55.57,0.38,0.2,0,0.84,5,0.2,1.4,0.2,2,0,0
55.57,1.82,0.2,0.02,20.36,5,0.2,25.97,0.2,2,0,1
1.99,0,0.2,0,1.43,5,0.2,0.02,0.2,2,0,0
55.57,0.84,0.2,0,0.84,5,0.2,0,0.2,2,0,0
1.85,0,0.2,0,0,5,0.2,0.19,0.2,6,0,1
59.85,0,0.2,0,0,5,0.2,2.86,0.2,2,0,0
55.57,0.2,0.2,0,0.2,5,0.2,0,0.2,2,0,0
2.72,2,0.6,0.32,2.32,5,0.2,5.37,0.4,2,0,0
2.37,0.32,0.2,0.49,0.81,5,0.2,6.73,0.4,6,0,1
1.85,13.15,0.4,0.02,36.94,5,0.4,47.9,0.2,2,0,1
2.37,0.51,0.2,0.47,0.98,5,0.2,0,0.2,2,0,0
1.85,1.97,0.2,0.05,0,5,0.2,0,0.2,4,0,1
3.89,0,0.2,0,1.26,5,0.2,0,0.6,2,0,1
3.89,12.62,0.2,24.37,38.85,5,0.2,88.34,0.2,2,0,1
55.57,9.67,0.6,43.08,6.8,5,0.2,20.89,0.2,2,0,0
55.57,0,0.2,0,0,5,0.2,0,0.2,2,0,0
2.72,0,0.2,67.16,2.28,5,0.2,0.1,0.2,2,0,0
55.57,6.61,0.2,10.85,1.74,5,0.2,0,0.6,2,0,0
55.57,0,0.2,0,0,5,0.2,0,0.2,2,0,0
3.89,2,0.6,30.25,1.54,5,0.2,0,0.2,6,0,0
2.72,3.46,0.4,0,0,5,0.2,32.68,0.2,2,0,0
59.85,0.54,0.4,0,0.41,5,0.2,0.67,0.2,2,0,0
2.72,2.68,0.6,38.32,41,5,0.2,7.17,0.4,2,0,1
55.57,0.73,0.2,0,0.73,5,0.2,0,0.2,2,0,0
55.57,1.08,0.4,0.81,22.8,5,0.4,0,0.2,2,0,1
59.85,1.27,0.2,0.11,1.68,5,0.2,0,0.2,2,0,1
3.89,15.38,0.6,40.14,55.52,5,0.2,0.96,0.2,2,1,1
2.72,8.03,0.6,0,14.41,5,0.2,1.22,0.2,6,0,1
3.89,0,0.2,0.05,0.05,5,0.2,152.41,0.6,2,0,1
1.85,2.81,0.6,0.41,3.22,5,0.2,0,0.2,2,0,0
2.37,0.9,0.2,0.29,1.19,5,0.2,1.22,0.2,6,0,1
3.89,6.26,0.6,14.1,20.36,5,0.2,34.24,0.6,2,1,1
3.41,1.1,0.4,87.71,88.81,5.5,0.4,34.32,0.6,2,0,1
3.41,0.77,0.2,0,0.77,5,0.2,0.32,0.2,2,0,0
2.72,0.28,0.2,1.36,1.34,5,0.2,0.52,0.6,2,0,0
1.85,0,0.2,0,0,5,0.2,0,0.2,6,0,1
59.85,0.48,0.2,0,0.48,5,0.2,0,0.2,2,0,0
1.99,1.71,0.4,0,1.71,5,0.2,0.09,0.2,2,0,0
3.89,0.01,0.4,0,1.19,5,0.2,8.31,0.6,2,1,0
1.99,7.09,0.2,10.24,7.37,5,0.2,0,0.2,2,0,0
55.57,0.69,0.2,0.81,1.5,5,0.2,0,0.2,2,0,0
55.57,1.52,0.4,0,5.63,5,0.2,0.74,0.6,2,0,1
1.85,0.95,0.2,1.33,2.28,5,0.2,0.07,0.2,4,0,1
2.37,0.14,0.2,0.08,0.22,5,0.2,0,0.2,2,0,0
2.37,3.29,0.6,6.41,9.7,5,0.2,3.66,0.2,2,0,1
1.85,5.9,0.6,0,5.9,5,0.2,0.74,0.2,6,0,1
1.85,0,0.2,10.55,3.11,5,0.2,0,0.2,6,0,1
55.57,5.22,0.4,0.11,0.89,5,0.2,0,0.2,2,0,1
3.89,0.05,0.2,0.21,0.26,5.5,0.4,102.22,0.6,2,0,1
1.85,0.96,0.2,0.46,0.27,5,0.4,6.96,0.2,6,0,1
1.99,0.56,0.2,0,0.56,5,0.2,0,0.2,4,0,0
1.85,0.47,0.6,0.71,0.15,5,0.4,0,0.2,4,0,0
59.85,0,0.2,0,0,5,0.2,1.44,0.2,2,0,0
1.85,1.12,0.2,3.98,26.16,5,0.2,44.02,0.2,2,0,0
3.89,6.67,0.6,18.02,24.69,5.5,0.4,4.95,0.2,2,2,1
55.57,1.39,0.4,0,1.39,5,0.2,0,0.2,2,0,0
55.57,3.84,0.2,9.65,0,5,0.2,0,0.2,2,0,1
55.57,0.39,0.2,1.6,1.21,5,0.2,0,0.6,6,0,1
1.85,45.23,0.6,36.18,81.41,5,0.2,0,0.2,6,0,1
55.57,0.29,0.2,0.39,0.68,5.5,0.4,0.05,0.2,2,0,0
55.57,0,0.2,0.88,0.88,5,0.2,0.07,0.2,2,0,0
2.37,3.83,0.6,0.1,0,5,0.2,0.05,0.2,2,0,0
3.41,0.73,0.2,0,3.53,5,0.2,3.69,0.2,2,0,0
3.41,1.64,0.6,0.16,2.06,5,0.2,0.49,0.4,2,0,0
55.57,0.47,0.6,0.44,6.37,5,0.2,0,0.2,6,0,1
2.72,3.99,0.6,92.05,96.04,5,0.2,15.14,0.6,2,1,1
55.57,0.78,0.2,0,0.78,5,0.2,0,0.2,2,0,0
1.99,0.66,0.2,0,0.66,5,0.2,0.73,0.2,2,0,0
21.61,0,0.4,0.37,2.62,5,0.2,0.22,0.6,4,0,1
55.57,4.86,0.4,0.03,47.86,5,0.2,63.18,0.2,6,0,1
3.41,6.61,0.6,55.62,62.23,5,0.2,57.16,0.6,2,0,1
55.57,1.4,0.4,0.06,1.46,5,0.2,0,0.2,2,0,0
2.37,0,0.2,35.04,0,5,0.2,10.03,0.2,2,0,1
55.57,0.62,0.2,0.42,1.04,5,0.2,0,0.2,2,0,0
3.41,0.83,0.2,28.06,28.89,5,0.2,13.31,0.6,2,0,1
3.89,0.46,0.4,7.63,0,5.5,0.2,0.02,0.2,2,0,0
1.99,3.02,0.6,0,3.02,5,0.2,0,0.2,6,0,1
55.57,0.67,0.2,0.41,1.08,5,0.2,0.99,0.2,4,0,0
1.99,1.14,0.6,0.89,96.04,5,0.2,7.54,0.6,2,0,1
55.57,0,0.2,0,0,5,0.2,0.02,0.2,2,0,0
55.57,2.24,0.6,7.26,9.5,5,0.2,0.24,0.2,2,0,1
3.41,1.05,0.2,0,6.77,5,0.2,0.47,0.2,2,0,1
1.99,0,0.2,5.28,2.84,5,0.4,0,0.2,2,0,0
3.89,5.9,0.2,0.55,0.54,5,0.2,0.71,0.2,2,0,1
55.57,1.25,0.6,25.74,28.83,5,0.2,5.69,0.6,2,0,1
2.37,5.61,0.2,0.53,86.93,5,0.4,6.02,0.2,2,0,1
55.57,0.53,0.6,0,11.12,5,0.2,0,0.2,2,0,0
3.89,4.95,0.6,0,2.28,5,0.2,0,0.6,2,0,0
59.85,0,0.2,0,0,5,0.2,1.3,0.2,4,0,0
2.37,2.52,0.6,0,53.68,5,0.2,0.05,0.2,2,0,1
3.89,1.45,0.4,0,1.42,5,0.2,0,0.6,4,0,1
3.41,1.35,0.4,66.35,67.7,5.5,0.4,27.13,0.6,2,3,1
21.61,0.84,0.2,1.09,1.93,5,0.2,0,0.2,2,0,0
2.72,1.23,0.2,0.21,2.92,5,0.2,0.43,0.2,2,0,1
2.72,5.45,0.6,71.09,76.54,5.5,0.4,59.18,0.6,2,0,1
55.57,0.47,0.2,0,20.73,5,0.2,0,0.2,2,0,0
55.57,0.49,0.2,0,0.21,5,0.2,9.73,0.6,2,1,0
55.57,0.6,0.2,0,0.6,5,0.2,0,0.2,2,0,0
2.72,1.73,0.4,5.64,7.37,5,0.2,13.35,0.6,2,0,1
1.99,1.98,0.6,47.07,8.72,5,0.2,0,0.2,2,0,1
3.41,5.22,0.6,20.94,26.16,5,0.2,2.44,0.2,2,0,1
2.37,1.13,0.6,1.25,77.19,5,0.2,0,0.6,4,0,0
2.72,0,0.2,0,0,5,0.2,0,0.2,2,0,0
55.57,1.08,0.4,0.92,2,5,0.2,0.04,0.2,2,0,0
3.41,0,0.2,8.06,7.37,5,0.2,0,0.6,2,1,0
1.85,0,0.4,44.22,0.68,5,0.2,0.65,0.2,2,0,0
59.85,0,0.2,0,0,5,0.2,1.2,0.2,2,0,0
1.85,0.56,0.2,0.66,63.7,5,0.2,47.6,0.2,2,0,0
3.89,0.37,0.2,1.75,4.97,5,0.2,0,0.2,2,0,0
3.89,4.18,0.6,4.83,9.01,5.5,0.4,14.03,0.6,2,0,1
55.57,0,0.2,0,0,5,0.2,0,0.2,6,0,0
59.85,0,0.2,0,0,5,0.2,0,0.2,2,0,0
55.57,4.73,0.4,8.37,5.96,5,0.6,0.96,0.2,2,0,0
3.41,0,0.6,0.16,8.49,5,0.2,19.4,0.6,2,0,1
21.61,0.19,0.2,0.23,0.42,5,0.2,0,0.2,2,0,0
55.57,3.1,0.6,18.02,0.87,5,0.2,0,0.2,4,0,1
2.37,2.6,0.6,1.14,3.74,5,0.2,8.76,0.4,2,1,1
1.85,3.31,0.6,0.17,3.48,5,0.2,0,0.2,2,0,0
3.89,1.6,0.6,13.03,7.63,5,0.2,29.63,0.6,2,0,1
2.72,0,0.2,0,0,5,0.2,0,0.2,2,0,0
2.34,0,0.2,0,0,5,0.2,0,0.2,2,0,0
21.61,11.24,0.2,0,0.17,5,0.2,0,0.2,2,0,0
1.85,0,0.2,0,0.85,5,0.2,0.24,0.4,2,0,1
55.57,0,0.2,0,0,5,0.2,0,0.2,2,0,0
2.37,0.31,0.2,0.69,1,5,0.2,0,0.2,2,0,0
3.89,1.33,0.4,0,1.33,5,0.2,0.2,0.2,6,0,1
2.37,0,0.2,0,0.86,5,0.2,0,0.2,2,0,1
3.89,0.84,0.2,0,4.34,5,0.2,0,0.6,2,0,0
2.37,7.59,0.6,1.47,9.06,5.5,0.4,36.29,0.6,6,0,1
55.57,0.39,0.2,0.39,58.86,5,0.2,16.03,0.2,2,0,1
2.34,3.95,0.6,0,0,5.5,0.4,83.96,0.6,6,1,1
2.72,0.56,0.2,0.39,47.16,5,0.2,0,0.2,2,0,0
55.57,1.85,0.4,4.16,6.01,5,0.2,0.51,0.2,2,0,0
3.89,0,0.6,0,0.32,5,0.2,0,0.2,2,0,1
3.89,0,0.2,0.06,0,5,0.2,0,0.2,2,0,0
3.41,2.6,0.2,0,0.49,6,0.2,0.14,0.2,2,0,1
55.57,0.7,0.2,0.79,1.49,5.5,0.4,1.91,0.2,2,0,0
55.57,0.84,0.2,0.15,0.22,6,0.2,0.93,0.4,2,0,0
3.41,0.26,0.6,0.01,0.68,5,0.2,156.92,0.6,2,0,0
2.72,2.19,0.6,0.68,2.87,5,0.2,28.4,0.6,2,0,1
59.85,0.15,0.2,0,0.15,5,0.2,0,0.2,2,0,0
3.89,0,0.2,0,0,5,0.2,0,0.2,2,0,0
3.89,1.33,0.2,0.63,0,5,0.2,0.19,0.2,2,0,1
2.72,0.32,0.2,0,8.16,5,0.2,20.78,0.6,2,0,0
21.61,0,0.2,65.93,1.3,5,0.2,0.18,0.2,2,0,0
3.89,0,0.2,0,0.55,5,0.2,22.1,0.2,2,0,1
55.57,0,0.2,0.83,0,5,0.2,0,0.4,2,0,1
21.61,0.8,0.2,0.82,1.62,5,0.2,1.32,0.2,2,0,0
55.57,0.84,0.2,0,0.84,5,0.2,0,0.2,4,0,0
1.85,1.05,0.4,0.85,1.07,5,0.2,0,0.2,2,0,0
55.57,7.42,0.2,0.0025,1.28,5,0.2,0,0.2,2,0,0
55.57,0.83,0.2,0,0.83,5,0.2,0.14,0.2,2,0,0
2.37,3.42,0.6,10.55,13.97,5,0.2,6.96,0.4,2,0,1
2.37,1.12,0.2,1.1,56.4,5,0.2,0,0.2,2,0,1
3.41,0.56,0.6,0,1.95,5.5,0.2,0,0.2,2,0,1
55.57,0.04,0.6,1.76,0.05,5,0.2,6.41,0.2,6,0,1
3.41,1.86,0.4,0,10.8,5.5,0.2,0.28,0.6,2,0,0
1.85,0.9,0.6,0,1.08,5,0.2,4.03,0.2,2,0,1
59.85,1.09,0.2,42.61,0.59,5,0.2,13.88,0.2,2,0,0
2.72,5.11,0.6,53.76,58.87,6,0.6,48.56,0.6,2,2,1
55.57,0.47,0.2,0.46,0.93,5,0.2,0.42,0.2,2,0,0
2.37,0.41,0.2,0,2.21,6,0.4,0,0.6,6,0,1
2.37,0,0.2,0,0.81,5,0.2,0,0.2,2,3,0
1.85,0.65,0.2,0.03,0.68,5,0.2,0.14,0.2,2,0,0
2.72,0,0.6,1.8,7.24,5,0.2,3.66,0.6,2,0,1
3.89,0.62,0.2,2.02,2.64,5,0.2,0.11,0.2,2,0,0
2.72,2.84,0.6,64.91,67.75,5.5,0.4,124.59,0.6,4,0,1
1.85,0.95,0.2,0.25,0,5,0.2,49.31,0.2,2,0,1
3.41,0.02,0.2,0.25,4.01,5,0.2,0.05,0.4,2,0,1
55.57,1.06,0.4,0,1.06,5,0.2,0,0.2,2,0,0
55.57,0.24,0.2,0,0.24,5,0.2,0,0.2,2,0,0
3.89,0.74,0.6,51.74,0,5,0.2,0,0.2,2,0,0
55.57,0,0.2,0,0,5,0.2,3.57,0.2,2,0,0
55.57,0.81,0.6,0.07,0.93,5,0.2,0,0.2,2,0,0
3.41,12.17,0.6,47,59.17,6,0.6,10.14,0.6,2,0,1
3.89,0.67,0.6,1.3,1.83,5,0.2,0.22,0.2,2,0,0
55.57,0.6,0.2,0.46,1.06,5,0.2,0,0.2,2,0,0
21.61,0.98,0.2,1.14,2.12,5,0.2,0,0.2,2,0,0
21.61,0.62,0.2,0.71,1.33,5,0.2,0.08,0.2,2,0,0
3.89,5.43,0.6,10.77,16.2,5,0.2,4.42,0.2,2,0,1
3.89,0,0.4,0,0.76,5,0.2,0.13,0.2,2,0,0
55.57,6.26,0.2,20.71,1.31,5.5,0.2,13.3,0.2,2,0,0
55.57,0.6,0.6,2.47,0.76,5,0.2,0,0.6,2,2,0
2.37,0.02,0.2,1.26,0.76,5,0.2,2.43,0.2,4,0,1
2.72,4.28,0.6,1264.63,1268.91,5.5,0.4,58.86,0.6,6,2,1
1.85,0.76,0.2,2.97,1.47,5,0.2,0,0.6,2,0,1
55.57,2.13,0.4,0.95,1.03,5,0.2,0,0.2,2,0,1
2.37,3.81,0.2,0.37,92.46,5,0.2,0,0.2,2,0,1
55.57,0,0.2,0,0,5,0.2,0,0.2,2,0,0
55.57,1.27,0.2,0,7.41,5,0.2,15.82,0.2,4,0,0
55.57,1.07,0.4,0,1.07,5,0.2,0,0.2,2,0,0
2.72,1,0.4,0,14.48,5,0.2,0.06,0.2,6,0,0
3.89,0,0.2,0.05,0.05,5,0.2,0,0.2,2,0,0
3.89,0,0.2,1.61,1.61,5,0.2,2.51,0.2,2,0,0
55.57,0.15,0.2,0,0.15,5,0.2,0,0.2,2,0,0
2.37,1.65,0.4,0.02,1.67,5,0.2,27.99,0.6,2,0,1
1.99,0.53,0.2,0,0.53,5,0.2,2.33,0.2,2,0,0
1.99,1.36,0.2,1.28,21.25,5,0.2,0,0.2,2,0,1
55.57,0.93,0.2,0,117.08,5,0.2,6.5,0.2,2,0,0
1.85,0.9,0.6,0,8.63,5,0.2,0,0.6,2,0,1
21.61,0,0.2,0.54,0.07,6.5,0.2,1.95,0.2,6,0,1
3.41,1.26,0.2,42.64,0.74,5,0.2,0,0.2,6,0,0
15.56,0.51,0.2,0.72,1.37,5,0.2,0,0.2,6,0,1
55.57,6.85,0.6,0,0,5,0.2,0,0.6,2,0,1
2.72,0,0.6,0,0,5,0.2,0,0.2,2,0,1
1.85,3.7,0.6,0,3.7,5,0.2,0.12,0.2,2,0,0
55.57,0,0.2,0,0,5,0.2,0,0.2,2,0,0
3.41,11.95,0.6,0,1.12,5.5,0.2,85.05,0.2,2,0,0
3.41,1.28,0.4,0.55,0,5,0.2,0.31,0.2,2,0,0
3.89,7.07,0.2,60.78,1.27,5,0.2,0,0.2,2,2,0
3.41,1.05,0.4,0,1.05,5,0.2,0,0.2,2,0,0
21.61,0.56,0.2,0.63,1.19,5,0.2,0.09,0.2,2,0,0
1.99,1.08,0.2,0,1.1,5.5,0.2,0,0.2,6,0,0
55.57,0.27,0.2,0.0017,0.2717,5,0.2,0,0.2,2,0,0
2.72,3.26,0.6,2.81,6.07,6,0.6,21.6,0.6,4,0,1
2.72,5.15,0.4,46.78,3.03,5,0.2,1.43,0.2,2,1,1
2.72,1.31,0.2,15.47,0.85,5,0.2,1.28,0.2,2,0,1
2.37,0.25,0.2,87.93,1.01,5,0.2,21.07,0.2,2,0,0
59.85,16.53,0.6,1.5,123.29,5,0.2,0.52,0.2,2,0,1
1.85,1.69,0.4,0.21,1.9,5,0.2,0,0.2,2,0,0
55.57,1.22,0.4,0,104.94,5,0.2,2.33,0.2,2,0,0
2.72,9.14,0.4,0,67.7,5,0.2,17.02,0.6,2,0,0
55.57,0.95,0.2,0.72,1.67,5,0.2,0,0.2,4,0,0
3.41,0,0.2,2.27,0.53,5.5,0.2,680.14,0.2,2,0,0
55.57,0.42,0.2,0,0.42,5,0.2,0,0.2,2,0,0
21.61,0.67,0.2,0.75,1.42,5,0.2,0.39,0.2,2,0,0
3.89,1.09,0.4,0.35,1.44,5,0.2,0,0.2,2,0,0
55.57,7.42,0.6,0,44.63,6,0.2,1.2,0.2,4,0,1
2.37,0.09,0.6,0,0,6,0.2,63.7,0.2,6,0,0
2.37,1.19,0.6,67.38,1.14,5,0.4,0,0.4,2,0,0
21.61,0.72,0.2,0.8,1.52,5,0.2,0.02,0.2,2,0,0
55.57,0.01,0.2,0.007,0,5,0.6,10.4,0.2,2,0,0
21.61,0.34,0.2,0.36,0.7,5,0.2,0.03,0.2,2,0,0
55.57,0.82,0.2,2.92,3.74,5,0.2,0,0.2,2,0,0
3.89,3.17,0.6,0.4,1.6,5,0.2,0,0.2,2,0,0
55.57,0.15,0.2,0,0.97,5,0.2,10.4,0.6,2,0,1
3.41,3.08,0.6,60.78,63.86,5,0.2,0.36,0.2,2,0,1
3.41,0.07,0.2,0,0.07,5,0.2,0,0.2,2,0,0
1.85,2.05,0.6,0,2.05,5,0.2,3.53,0.2,6,0,1
3.89,0,0.2,18.05,18.05,5,0.2,2.29,0.2,2,0,1
55.57,0.41,0.2,0.11,0.52,5,0.2,0,0.2,2,0,0
55.57,0.33,0.2,0.0013,0.3313,5,0.2,0,0.2,2,0,0
55.57,0,0.2,0,0,5,0.2,0,0.2,6,0,1
1.85,1.65,0.2,62.25,11.46,5,0.2,0.11,0.2,2,0,1
2.37,2.13,0.6,0.11,2.24,5,0.2,7.54,0.4,2,0,1
3.89,4.95,0.6,42.61,47.56,5,0.2,3.46,0.2,6,1,1
2.72,0,0.2,0,0,5,0.2,0,0.2,4,0,0
3.41,2.86,0.6,17.09,19.95,5.5,0.4,6.88,0.4,2,0,1
3.89,2.59,0.2,0.25,0.41,5,0.2,0,0.2,2,0,0
3.89,0,0.2,0.23,0.23,5,0.2,0,0.2,2,0,0
1.85,8.25,0.6,1.59,9.84,5,0.2,0.02,0.2,2,0,1
2.72,2.57,0.2,0,8.79,5,0.2,0,0.6,2,0,0
2.72,0,0.2,1.56,1.53,5,0.2,0,0.2,2,0,1
55.57,4.04,0.6,0,1.66,5,0.2,17.16,0.2,4,0,0
3.41,0.67,0.2,0,1.12,5,0.4,7.48,0.4,2,0,1
2.72,0.61,0.2,0.07,0.68,5,0.2,0,0.2,2,0,0
55.57,3.14,0.6,4.97,8.11,5,0.2,6.41,0.4,2,1,1
55.57,0,0.2,1.74,1.74,5,0.2,0,0.2,2,0,0
21.61,0.61,0.2,0.63,1.24,5,0.2,0,0.2,2,0,0
3.41,12.29,0.6,25.74,38.03,5,0.2,22.1,0.6,2,0,1
3.41,0.05,0.2,72.99,0,5,0.2,0,0.2,2,0,1
3.89,0,0.2,1.1,1.1,5,0.2,0,0.2,6,0,1
3.89,1.13,0.2,0.07,2.3,5,0.2,0.02,0.2,2,0,0
2.72,1.05,0.4,0,1.05,5,0.2,0,0.2,2,0,0
15.56,3.73,0.6,2.82,6.55,6,0.6,160.41,0.6,6,0,1
1.99,0.6,0.2,0,0.6,5,0.2,0,0.2,2,0,0
2.72,1.6,0.4,0,1.6,5,0.2,0.06,0.2,2,0,0
2.72,4.9,0.6,98.71,103.61,5.5,0.4,82.99,0.6,2,1,1
3.89,6.85,0.6,65.93,72.78,5.5,0.4,6.02,0.4,4,0,1
55.57,0,0.2,22.79,0.42,5,0.2,0,0.2,2,0,1
2.72,0.5,0.2,0.04,7.17,5,0.2,0.13,0.2,2,0,1
55.57,1.26,0.4,1.58,2.84,5,0.2,6.5,0.4,2,0,1
1.85,3.17,0.6,0.44,3.61,5,0.2,0,0.2,4,0,1
1.85,10.79,0.6,0.67,11.46,5,0.2,0.04,0.2,2,0,1
59.85,2.95,0.2,0,8.69,5,0.2,0.79,0.2,6,0,0
55.57,0.41,0.2,0,0.41,5,0.2,0,0.2,2,0,0
55.57,1.6,0.4,0,1.6,5,0.2,0,0.2,2,0,0
59.85,0.45,0.4,0.46,0,5,0.2,0.08,0.6,2,0,1
55.57,0.51,0.2,0.5,1.01,5,0.2,0.09,0.2,2,0,0
1.85,0,0.2,0,0,5,0.2,0.04,0.2,6,0,1
3.89,0,0.2,0.94,0.94,5,0.2,0.9,0.2,2,0,0
2.37,0,0.2,0,0,5,0.2,0,0.2,2,0,0
55.57,2.68,0.2,0,0.09,5,0.2,18.45,0.2,6,0,1
55.57,0.95,0.4,5.91,5.9,5,0.2,0.07,0.2,2,0,0
2.37,0.44,0.2,0,0.93,5,0.2,6.79,0.2,2,0,0
3.89,0,0.2,3.72,3.72,5,0.2,0,0.2,2,9,1
2.72,0.56,0.4,33.91,0,5,0.2,10.43,0.2,2,0,1
55.57,2.63,0.2,2.81,0,5,0.2,0.58,0.2,2,0,1
55.57,1.14,0.4,0,1.14,5,0.2,0,0.2,4,0,0
3.89,0,0.2,0.79,0.79,5,0.2,15.82,0.6,2,0,1
3.89,0,0.2,0.07,0.07,5,0.2,0,0.2,2,0,0
55.57,0.87,0.2,0,0.87,5,0.2,0.1,0.2,2,0,0
2.37,2.05,0.2,2.82,0.3023,5,0.2,0,0.2,2,0,1
3.41,0.39,0.2,1.14,0,5,0.4,0,0.6,6,0,0
2.72,0.31,0.2,74.26,5.74,5,0.4,0.13,0.2,2,0,1
55.57,0.5,0.2,0,0.5,5,0.2,0,0.2,2,0,0
55.57,1.2,0.2,0.19,2.48,5,0.2,8.76,0.2,2,0,0
3.89,0.41,0.2,0.03,5.22,5,0.2,0,0.6,2,0,0
3.89,5.47,0.6,7.63,13.1,5,0.2,10.43,0.6,2,1,1
3.89,7.43,0.6,0,0.83,5,0.2,41.82,0.2,2,0,1
55.57,0,0.6,0.25,2,5,0.6,53.34,0.2,6,0,1
1.85,14.04,0.2,0,0.99,5,0.2,1.93,0.6,2,0,0
1.85,7.37,0.6,1.64,9.01,5,0.2,0.08,0.2,2,0,1
2.37,0,0.2,0,0,5,0.2,0.05,0.2,2,0,0
55.57,0.51,0.6,0,0.93,5,0.2,9.43,0.2,2,0,1
2.72,0,0.2,17.09,55.52,5,0.2,0.74,0.2,2,0,1
1.85,0.64,0.2,0.95,1.59,5,0.2,0,0.2,2,1,0
55.57,0,0.6,0.36,0.94,5,0.2,0,0.6,2,0,1
3.89,2.4,0.6,16.63,19.03,5,0.2,1.16,0.2,2,0,1
2.37,1.31,0.4,0.12,1.43,5.5,0.4,0,0.2,6,0,1
2.72,1.53,0.4,0,1.52,5,0.2,0,0.2,2,1,1
55.57,0.21,0.2,0,0.21,5,0.2,0,0.2,2,0,0
1.85,9.19,0.2,0,2.84,5,0.2,0.42,0.2,2,0,0
1.85,0.53,0.4,1264.63,0,5,0.2,0,0.6,2,0,1
1.85,0,0.2,0,0,5,0.2,0,0.2,2,0,0
1.99,1.65,0.4,0,1.65,5,0.2,0.01,0.2,2,0,0
3.41,0.2,0.6,53.76,0.017,5,0.2,0.72,0.2,2,0,1
1.85,0,0.2,0,0,5,0.2,0,0.2,2,0,0
2.72,0,0.6,0.44,0,5,0.2,0.04,0.2,2,0,0
2.37,2.18,0.6,0.93,3.11,5,0.2,0,0.2,6,0,1
55.57,0.49,0.2,0.55,1.04,5,0.2,0,0.2,2,0,0
3.89,8.54,0.6,31.63,40.17,5,0.2,41.28,0.6,2,1,1
55.57,1.07,0.2,58.12,1.6,5,0.2,0,0.2,2,0,0
3.41,85,0.6,0.28,1.1,5,0.2,80.8,0.2,4,0,0
2.72,0,0.2,61.47,1.15,5,0.2,0,0.6,2,0,1
3.89,0,0.6,46.21,0.09,5,0.4,0.19,0.2,2,0,1
55.57,0.6,0.4,0,41,5,0.2,0.44,0.2,4,0,1
1.85,1.14,0.2,0.58,0.66,5.5,0.2,2.47,0.6,4,0,1
2.37,0.47,0.2,0.29,0.76,5,0.2,0.07,0.2,2,0,0
1.99,1.26,0.4,12.88,1.1,5,0.2,0,0.6,2,0,1
3.89,0,0.2,0.08,0.08,5,0.2,0,0.2,2,0,0
2.72,2.81,0.4,1.03,0.3313,5,0.2,5.41,0.2,2,0,0
3.89,0,0.2,37.59,0.89,5,0.2,0,0.2,2,0,1
55.57,4.43,0.2,30.81,0.03,5,0.2,0,0.2,2,0,1
2.72,5.61,0.6,99.33,104.94,6.5,0.6,76.47,0.6,2,0,1
55.57,0,0.2,0.81,13.99,5,0.2,8.76,0.2,2,0,0
55.57,0,0.2,1.63,0.44,5,0.2,9.45,0.6,2,0,0
55.57,0.51,0.2,0.37,0.88,5,0.2,0,0.2,2,0,0
1.99,0.96,0.2,0,0.96,5,0.2,9.45,0.4,2,0,1
21.61,10,0.6,0.46,0.03,5,0.2,0,0.6,2,0,1
3.41,12.28,0.6,20.62,32.9,5,0.2,10.16,0.6,2,1,1
3.41,4.13,0.6,16.74,20.87,5,0.2,44.02,0.6,2,0,1
55.57,0.84,0.2,0,0.84,5,0.2,0,0.2,2,0,0
3.89,0.7,0.6,0.28,3.72,5,0.2,3.38,0.6,2,0,1
3.41,0.18,0.6,0.69,72.56,9,0.2,0,0.2,4,0,1
3.89,11.73,0.6,8.49,0.79,5,0.2,0,0.2,2,0,1
1.99,3.14,0.2,0,10.96,5,0.2,0,0.2,2,0,0
3.41,2.92,0.6,5.24,8.16,5,0.2,9.76,0.4,2,0,1
55.57,0,0.2,0,0,5,0.2,0,0.2,2,0,0
1.85,2.41,0.6,40.14,81.41,5,0.4,0.36,0.2,2,0,1
3.89,1.1,0.4,7.41,8.51,5,0.2,44.95,0.6,2,0,1
2.72,0,0.2,0,7.69,5,0.2,0,0.2,2,0,1
55.57,2.3,0.6,0,2.3,5,0.2,0,0.2,2,0,0
55.57,1.49,0.4,0,1.49,5,0.2,0,0.2,2,0,0
2.37,0.09,0.2,0,0.09,5,0.2,0,0.2,2,0,0
1.85,0,0.4,0.04,0,5,0.2,0,0.2,2,0,0
2.37,1.9,0.4,7.97,9.87,5,0.2,8.6,0.4,2,1,1
3.89,0.44,0.2,0,1.59,5,0.2,4.42,0.6,2,0,0
2.37,0,0.4,0,25.15,5.5,0.2,0.06,0.2,2,0,0
3.41,10.37,0.6,105.56,115.93,9,0.6,52.13,0.6,2,0,1
1.99,19.21,0.2,1.24,0.8,5,0.2,0,0.2,2,0,0
2.37,0,0.2,0,0,5,0.2,0.23,0.2,6,0,1
3.89,0,0.2,0.84,0.84,5,0.2,0.007,0.2,2,0,0
1.85,3.26,0.6,0.36,3.62,5,0.2,0.02,0.2,2,0,0
55.57,1.84,0.4,4.25,6.09,5,0.2,0.82,0.2,2,0,0
2.37,2.18,0.6,0.93,0,5,0.2,1.46,0.2,2,0,1
3.41,1.01,0.4,0,1.01,5,0.2,0.28,0.2,2,0,0
1.85,71.48,0.2,5.86,0,5,0.2,3.54,0.6,2,0,1
1.85,0,0.2,0,0,5,0.2,0,0.2,2,0,0
3.89,3.22,0.2,14.1,0.81,5.5,0.2,0,0.2,2,0,0
2.37,0.76,0.2,0.34,1.1,5,0.2,0,0.2,6,0,1
2.37,1.08,0.4,0,0.21,5,0.2,15.14,0.6,2,0,1
2.72,1.34,0.4,0,1.34,5,0.2,0,0.2,4,0,0
1.85,0.25,0.2,1.8,2.05,5,0.2,0.74,0.2,2,0,0
21.61,0.31,0.2,0.28,0.59,5,0.2,0,0.2,2,0,0
55.57,0.29,0.2,0,0.29,5,0.2,0,0.2,4,0,0
3.41,12.68,0.6,41,53.68,5.5,0.4,11.88,0.6,2,0,1
55.57,1.07,0.2,9e-04,2.38,5,0.6,3.42,0.2,2,0,0
55.57,1.21,0.2,0.72,2.01,5,0.2,0,0.2,2,0,1
21.61,1.46,0.2,20.86,86.06,5,0.2,0,0.2,6,1,1
2.72,0.32,0.2,4.69,1.09,5,0.2,10.53,0.2,2,0,1
1.99,1.27,0.4,0,1.27,5,0.2,175.9,0.6,2,0,1
2.72,1.51,0.4,0,1.51,5,0.2,0,0.2,2,0,0
1.99,1.12,0.2,0.17,0.39,5,0.2,0.18,0.2,2,0,0
2.37,3.51,0.6,35.48,7.49,5,0.2,12.03,0.2,2,0,1
3.41,1.21,0.4,34.03,35.24,5,0.2,5.36,0.4,2,0,1
2.37,1,0.4,1.1,2.1,5,0.2,0,0.2,2,0,0
2.37,1.01,0.6,5.94,10.38,5.5,0.4,0,0.2,2,0,0
55.57,1.06,0.4,0.63,1.69,5,0.2,0.9,0.2,6,0,1
1.99,1.14,0.4,0,1.14,5,0.2,41.82,0.6,2,0,1
1.85,19.21,0.6,2.47,21.68,5,0.2,0,0.2,6,0,1
2.37,1.62,0.4,0.49,2.11,5,0.2,0,0.2,2,0,0
3.89,0,0.2,1.02,1.02,5,0.2,0,0.2,2,0,0
3.41,2.13,0.4,0.11,1.6,5,0.2,0,0.2,2,0,1
1.85,3.26,0.4,0,0.03,5,0.2,0,0.2,2,0,1
3.89,0,0.4,1.77,24.87,5,0.2,0,0.2,2,0,0
55.57,0.96,0.2,0,33.79,5,0.4,0,0.2,2,0,0
55.57,0,0.2,0,0,5,0.2,0,0.2,2,0,0
59.85,0.39,0.2,0,1.66,5,0.2,173.02,0.2,2,0,1
3.89,1.75,0.4,0.47,2.49,5,0.2,0,0.2,6,0,0
55.57,0.09,0.2,0,0.09,5,0.2,0,0.2,2,0,0
3.41,0,0.6,1.03,0,5,0.2,0.8,0.2,2,0,0
55.57,0.83,0.2,0,0.83,5,0.2,0.39,0.2,2,0,1
3.41,0.91,0.2,0,0.91,5,0.2,0,0.2,2,0,0
55.57,1.75,0.2,55.64,1.26,5,0.2,145.97,0.2,2,0,0
3.89,0.31,0.6,23.66,10.11,5,0.2,1.35,0.2,2,0,0
1.99,0.9,0.2,0,0.9,5,0.2,1.95,0.2,2,0,0
55.57,2.19,0.2,0,1,5,0.2,0,0.6,4,0,0
1.85,0.74,0.6,42.19,64.95,5,0.2,13.31,0.2,2,0,1
1.85,3.46,0.6,0.09,3.55,5,0.2,0.06,0.2,2,0,0
55.57,3.75,0.6,0,2.32,5,0.2,0,0.6,2,0,1
21.61,1.46,0.2,24.13,2.87,5,0.2,0,0.6,2,2,0
59.85,5.23,0.2,0,16.2,5,0.2,124.59,0.4,2,0,0
3.89,8.5,0.6,12.03,20.53,5.5,0.4,7.79,0.4,2,0,1
59.85,0.48,0.6,11.52,0.9,5,0.2,0,0.2,2,0,1
2.72,1.66,0.2,3.53,3.62,5,0.2,18.79,0.4,2,0,1
3.41,1.44,0.4,9.65,11.09,6.5,0.6,10.03,0.6,2,0,1
2.37,0,0.2,22.31,90.19,5,0.2,0.03,0.2,2,0,0
55.57,1.65,0.6,0,0,5,0.2,0.1,0.2,2,0,1
3.89,2.95,0.6,6.56,9.51,5,0.2,156.92,0.6,2,0,1
21.61,0.07,0.2,0,1.67,5,0.2,0.4,0.2,6,0,0
3.89,0,0.6,0.09,8.45,5,0.2,0,0.4,2,0,0
55.57,3.7,0.2,0.63,1.12,5,0.2,6.96,0.6,2,0,1
59.85,1.34,0.2,67.37,2,5,0.2,0.03,0.2,2,0,0
3.41,1.1,0.2,0.8,0.84,5,0.2,0,0.2,2,0,0
2.72,7.43,0.6,79.5,86.93,5,0.2,102.39,0.6,2,0,1
1.85,0.95,0.6,0,11.47,5,0.2,0,0.2,2,0,0
3.89,0.09,0.4,1.33,40.17,6.5,0.2,0.51,0.4,2,0,0
55.57,1.48,0.4,4.48,5.96,5,0.2,0,0.2,2,0,0
2.37,1.63,0.4,5.86,7.49,5,0.2,3.69,0.2,2,0,1
1.85,0.47,0.2,1.59,2.06,5,0.2,1.24,0.2,2,0,0
2.37,0.44,0.2,0.02,0.46,5,0.2,27.1,0.6,6,0,1
55.57,0,0.2,0,0,5.5,0.4,85.05,0.6,6,0,1
2.72,0,0.6,0,6.07,5,0.2,253.12,0.2,6,0,0
2.34,4.24,0.2,0.88,0.74,5,0.4,8.21,0.4,2,0,0
1.85,0.44,0.2,0.62,1.06,5,0.2,0.64,0.2,2,0,0
2.72,0,0.2,40.86,7.42,5,0.2,0,0.2,2,0,0
3.41,11.73,0.6,85.87,97.6,5,0.2,6.96,0.4,2,1,1
3.89,0,0.2,0.93,0.93,5,0.2,7.78,0.4,2,0,0
3.89,0.37,0.4,0,57.46,5,0.2,0,0.2,4,0,1
2.37,2.59,0.6,0.66,3.25,5,0.2,1.28,0.2,2,0,0
3.89,0.6,0.6,4.97,1.46,5,0.2,0,0.4,2,0,1
21.61,0.03,0.6,0,0,5,0.2,0,0.2,2,0,0
2.37,10.37,0.2,0,1.19,5,0.2,0.37,0.2,2,0,1
2.37,3.35,0.6,0.99,4.34,5,0.2,0.12,0.2,2,0,0
55.57,2.3,0.6,0,1.07,5,0.2,1.44,0.4,2,0,1
1.99,0.98,0.2,0,1.42,5,0.2,1.75,0.2,6,0,1
55.57,5.65,0.2,0,0.28,5,0.2,0,0.2,2,0,1
55.57,0.59,0.2,0,0.59,5,0.2,0,0.2,2,0,0
1.85,3.28,0.6,0.25,3.53,5,0.2,0.04,0.2,6,0,1
3.41,16.53,0.6,72.99,89.52,5,0.2,5.49,0.4,2,1,1
3.89,4.97,0.6,14.63,1.05,5,0.6,94.75,0.2,2,0,0
59.85,2.42,0.2,0,1.87,5,0.2,0.02,0.2,4,0,1
59.85,0.2,0.2,0.28,0.48,5,0.2,0,0.2,2,0,0
1.85,1.08,0.4,1.98,3.06,5,0.2,3.92,0.2,2,0,0
21.61,0.32,0.2,0,0.32,5,0.2,0,0.2,2,0,0
3.89,0.45,0.6,0,1.85,5,0.2,0,0.6,6,0,0
1.85,3.67,0.6,0.18,3.85,5,0.2,0,0.2,2,0,0
1.85,4.99,0.6,0.64,5.63,5,0.2,0,0.2,2,0,0
55.57,0.4,0.2,0.0025,0.4025,5,0.2,0,0.2,2,0,0
21.61,0,0.4,0,11.68,5,0.2,0.11,0.6,2,0,1
1.85,9.14,0.6,1.22,10.36,5,0.2,0,0.2,6,0,1
1.85,7.2,0.6,0.43,7.63,5,0.2,0.01,0.2,2,0,1
3.89,0,0.2,9.02,19.03,5,0.2,0,0.2,2,0,0
55.57,15.66,0.4,0.67,0.07,5,0.2,2.44,0.2,2,0,1
3.41,16.36,0.6,41.1,57.46,5,0.2,12.03,0.6,4,0,1
21.61,0.37,0.2,0.1,0.47,5,0.2,0,0.2,2,0,0
55.57,13.92,0.4,0,70.41,5,0.6,0.2,0.2,4,0,1
3.89,0.94,0.2,0.01,0.95,5,0.2,0.1,0.2,2,0,0
1.85,7.01,0.6,1.12,8.13,5,0.2,0.1,0.2,2,0,1
1.85,10.02,0.6,0.95,10.97,5,0.2,0.43,0.2,2,0,1
1.85,1.49,0.6,0,0.06,5,0.4,0,0.2,2,0,0
1.85,0.99,0.2,0,0.99,5,0.2,0,0.2,4,0,0
55.57,0,0.2,0,0,5,0.2,0,0.2,2,0,0
55.57,1.63,0.4,1.03,88.81,5,0.2,0,0.2,2,0,0
21.61,8.53,0.6,0,0,5,0.2,1.15,0.6,2,0,0
1.99,0.77,0.2,98.71,0,5,0.2,0.11,0.2,2,0,0
59.85,0.49,0.2,0,0.3,5,0.2,0.76,0.4,2,0,0
3.89,8.46,0.6,72.76,81.22,5,0.2,1.4,0.2,2,2,1
59.85,0.29,0.2,0,0.29,5,0.2,0.04,0.2,2,0,0
55.57,3.11,0.2,9.01,13.97,5.5,0.2,0,0.6,6,0,0
55.57,1.1,0.2,0.28,2.05,5,0.2,0,0.6,2,0,1
1.85,0.79,0.2,0,0.79,5,0.2,3.54,0.2,2,0,0
1.85,0.84,0.2,2.02,0,5,0.2,1.59,0.2,2,0,1
2.72,3.84,0.6,144.39,148.23,5,0.2,19.68,0.6,2,1,1
59.85,1.21,0.6,14.64,0.92,5,0.2,0.68,0.2,2,0,1
3.41,0,0.6,0,0.71,5,0.2,0,0.2,2,0,1
55.57,0.21,0.2,0,0.21,5,0.2,0,0.2,2,0,0
2.72,0.96,0.2,0,0.96,5,0.2,0,0.2,2,0,0
55.57,0.71,0.2,0.25,0.96,5,0.2,0,0.2,2,0,0
55.57,1.6,0.4,0.49,2.09,5,0.2,88.34,0.6,2,0,1
55.57,0,0.2,0,0,5,0.2,14.27,0.2,2,0,1
55.57,0,0.2,0,0,5,0.2,0,0.2,2,0,0
55.57,0.32,0.2,9e-04,0.3209,5,0.2,0,0.2,2,0,0
55.57,0,0.2,0,1.35,5,0.2,0.15,0.2,4,0,1
55.57,0.74,0.2,0,0.74,5,0.2,2.4,0.2,2,0,0
3.89,12.54,0.2,28.06,7.92,5,0.2,0,0.2,2,0,1
3.89,0,0.2,0.87,0.87,5,0.2,0,0.2,2,0,0
1.85,0.18,0.2,0,0.18,5,0.2,0,0.2,6,0,1
2.72,3.48,0.6,17.85,21.33,5,0.2,9.53,0.4,2,0,1
2.72,0.31,0.2,19.82,55.75,5,0.2,0.07,0.2,2,0,1
1.85,1.98,0.4,0.5,0.47,5,0.2,0,0.4,2,0,0
55.57,3.42,0.2,0,0.6,5,0.2,0,0.2,2,0,0
3.41,15.66,0.6,74.53,90.19,5,0.2,29.07,0.6,2,0,1
2.37,0,0.2,0,0,5,0.2,0,0.2,2,0,0
55.57,0.57,0.2,1.26,1.83,5,0.2,0.1,0.2,2,0,0
55.57,0.8,0.2,0,0,5,0.2,0.43,0.2,2,0,1
3.41,0.05,0.4,1.1,42.55,5,0.2,0.58,0.6,2,1,0
2.37,0,0.6,0,0.07,5,0.2,0,0.6,6,0,0
3.89,1.5,0.6,0,1.63,5,0.2,0.94,0.2,2,0,1
55.57,9.01,0.2,0,35.24,5,0.2,0,0.2,2,0,0
55.57,0.49,0.2,0.28,0.77,5,0.2,0.07,0.2,2,0,0
55.57,2.22,0.2,0,58.43,6.5,0.2,0,0.2,2,0,0
3.41,0.32,0.2,0.23,0.3,5.5,0.2,0,0.2,2,0,0
2.72,0,0.4,0.47,0.49,5,0.2,0.22,0.6,2,0,1
3.41,0.71,0.2,79.5,0,5,0.2,0,0.2,2,0,0
55.57,0,0.2,0,0,5,0.2,0.02,0.2,2,0,0
1.85,2.18,0.6,72.46,0,5,0.4,16.91,0.2,2,0,1
59.85,0.15,0.2,0,0.15,5,0.2,0.05,0.2,2,0,0
1.85,7.22,0.6,0.28,7.5,5,0.2,0,0.2,2,0,1
3.89,0,0.4,44.67,5.27,5,0.2,0.57,0.2,2,0,0
3.41,0.17,0.2,0,0.17,5,0.2,0,0.2,2,0,0
1.85,0.73,0.2,1.24,1.97,5,0.2,0.2,0.2,2,0,0
2.72,2.13,0.6,0.59,2.72,5,0.2,0.76,0.2,2,0,0
2.72,3.66,0.6,15.47,19.13,5,0.2,1.43,0.2,2,0,1
2.72,7.2,0.6,0.22,1.32,5,0.2,0,0.2,2,0,0
1.85,11.24,0.6,9.49,20.73,5.5,0.4,173.02,0.6,2,0,1
55.57,3.43,0.2,4.16,123.26,5,0.2,0,0.6,2,0,0
2.37,1.28,0.2,0,0.64,5,0.2,0,0.2,2,0,0
3.41,9.67,0.6,62.25,71.92,5.5,0.4,17.02,0.6,2,0,1
2.37,1.29,0.4,0.13,1.42,5,0.2,0,0.2,2,0,0
1.85,3.28,0.2,2.55,0.17,5.5,0.2,0,0.2,2,0,1
55.57,0.2,0.2,48.9,0.5,5.5,0.2,0,0.2,2,0,1
1.85,3.29,0.2,6.23,5.18,5,0.2,0,0.4,2,0,1
55.57,6e-04,0.2,1.11,1.1106,5,0.2,0,0.2,6,0,1
2.72,0.77,0.2,0,0.77,5,0.2,4.6,0.2,2,0,0
1.85,1.16,0.4,0,1.16,5,0.2,0.11,0.2,6,0,1
3.89,0.49,0.6,0.04,0.43,5,0.2,0,0.2,2,0,1
2.37,4.36,0.4,2.5,97.6,5,0.2,34.32,0.2,2,0,0
2.72,0,0.2,0,3.02,5.5,0.2,935.03,0.2,2,0,1
3.41,8.03,0.6,94.43,102.46,5.5,0.4,10.65,0.6,2,2,1
2.37,2.81,0.6,0,4.93,5,0.6,0,0.2,2,0,0
2.72,0.07,0.4,0,0.84,5,0.2,27.23,0.2,2,0,1
1.99,0.49,0.6,87.71,0,6,0.2,5.41,0.2,2,0,1
1.99,0.62,0.2,0,1.27,5,0.2,3.53,0.2,6,0,0
2.72,1.1,0.2,0,0.81,5,0.2,0,0.2,2,0,0
3.41,1.64,0.4,46.21,47.85,5,0.2,2.45,0.2,2,0,1
55.57,1.59,0.4,0.13,1.72,5,0.2,0.11,0.2,2,0,0
1.99,1.56,0.4,0,1.56,5,0.2,0.1,0.2,2,0,0
55.57,0.98,0.2,0,0.98,5,0.2,0,0.2,2,0,0
3.89,0.98,0.4,12.03,50.54,5,0.2,0,0.2,2,0,0
55.57,0,0.2,1.29,1.29,5,0.2,0,0.2,2,0,0
55.57,1.62,0.2,12.18,0.51,5.5,0.2,0,0.2,2,0,0
2.37,0.17,0.2,0.04,0.21,5,0.2,0,0.2,2,0,0
55.57,1.12,0.4,0,1.12,5,0.2,0,0.2,2,0,0
3.41,1.52,0.4,37.33,38.85,5.5,0.4,63.7,0.6,2,0,1
3.89,0,0.4,9.49,2.15,5,0.4,0.2,0.4,2,0,0
3.89,0,0.2,3.71,3.71,5,0.2,29.63,0.6,2,0,1
2.72,2.81,0.6,4.6,7.41,5,0.2,8.44,0.4,2,0,1
1.85,0.99,0.2,0.11,1.1,5,0.2,0,0.2,6,0,1
2.37,2.39,0.6,7.72,10.11,5,0.2,5.42,0.4,2,1,1
21.61,1.56,0.2,0,10.26,5,0.2,0,0.6,2,0,0
1.99,1.62,0.4,0,1.62,5,0.2,0,0.2,6,0,1
1.85,3.02,0.6,0,1.32,5,0.2,19.68,0.2,2,0,0
1.85,7.02,0.6,1.77,8.79,5,0.2,0,0.2,4,0,1
3.89,0.63,0.2,1.96,5.54,5,0.2,0.89,0.2,2,0,0
1.99,0.78,0.2,0.49,6.68,5,0.2,0,0.6,2,0,0
2.72,1.67,0.6,2.34,2.05,5,0.4,0.45,0.2,2,0,0
2.72,4.6,0.6,54.99,59.59,5,0.2,14.1,0.6,2,0,1
21.61,0.7,0.2,0.72,1.42,5,0.2,0,0.2,2,0,0
21.61,0.02,0.2,0.66,0.68,5,0.2,0,0.2,2,0,0
55.57,0.1,0.6,36.18,0,5,0.2,0.25,0.6,6,0,1
2.72,0.38,0.4,1.59,1.71,5,0.2,0.43,0.2,2,0,0
3.41,0,0.2,0.27,13.39,5,0.2,1.16,0.2,2,0,0
2.37,2.92,0.6,5.79,0.24,5,0.2,0,0.2,6,0,1
55.57,0.31,0.2,0.0015,0.3115,5,0.2,0,0.2,2,0,0
55.57,0.19,0.6,0,1.39,5.5,0.2,0.63,0.6,2,0,0
3.89,0.88,0.6,0.27,0.65,5,0.2,0.28,0.2,2,0,0
2.37,0.92,0.4,0.34,0.42,5,0.2,0,0.2,2,0,1
1.99,0.45,0.2,0,0.45,5,0.2,0,0.2,2,0,0
1.85,6.93,0.2,16.09,1.51,5,0.2,6.96,0.2,2,0,0
55.57,0.54,0.2,0.67,1.21,5,0.2,0,0.2,2,0,0
